facility_id,no,name,facility_type,tenure_type,entry_requirement,insurance_designation,provider_no,address,phone,capacity,room_type,opened_on,tokurei_from,access,corporate_name,corp_zip,corp_address,notified_on,changed_on,remarks,is_jusho_chi_tokurei,ward,address_detail,capacity_num,source,source_date
1,1,やわら樹の里,介護付有料老人ホーム(一般型特定施設入居者生活介護),利用権方式,入居時自立・要支援・要介護,さいたま市指定介護保険特定(一般型特定施設),1176512182,見沼区 大和田町1-345,048-683-0438,71,全室個室26.78m2~28.50m2,H21.1.1※厚生年金ハートピア大宮としてS41.3.19に開所,H18.4.1,東武野田線大和田駅から徒歩10分,医療法人社団全仁会,3210953,栃木県宇都宮市東宿郷2-1-1,H20.12.22(S41.4.1),,,True,見沼区,大和田町1-345,71.0,さいたま市 有料老人ホーム一覧表,2025-07-01
2,2,ブランシエール大宮公園,介護付有料老人ホーム(一般型特定施設入居者生活介護),利用権方式,入居時自立・要支援・要介護,さいたま市指定介護保険特定(一般型特定施設),1176519377,見沼区 大和田町1-1275,048-686-8088,170,1~2人室18.0~78.42m2,H1.1.27,H18.4.1,東武野田線大和田駅から徒歩5分,株式会社長谷工シニアウェルデザイン,1050014,東京都港区芝2丁目9番10号,R3.9.29(H1.1.27),,,True,見沼区,大和田町1-1275,170.0,さいたま市 有料老人ホーム一覧表,2025-07-01
3,3,ローズ・ヴィラ,介護付有料老人ホーム(一般型特定施設入居者生活介護),利用権方式・建物賃貸借方式,入居時自立・要支援・要介護,さいたま市指定介護保険特定(一般型特定施設),1170700254,岩槻区 増長112,048-799-1151,50,1~4人室12.1~29.7m2,H2.9.1,H18.4.1,東武野田線岩槻駅からタクシー 8分又は武里駅からタクシー5分,有限会社バンビ学園,3390012,さいたま市岩槻区増長112,H12.3.6,,,True,岩槻区,増長112,50.0,さいたま市 有料老人ホーム一覧表,2025-07-01
4,4,ライフコミューン大宮北,介護付有料老人ホーム(一般型特定施設入居者生活介護),利用権方式,入居時自立・要支援・要介護,さいたま市指定介護保険特定(一般型特定施設),1170300410,北区 別所町16-3,048-665-6090,30,全室個室14.04m2~18.24m2,H11.10.1,H18.4.1,JR高崎線宮原駅から上尾車庫行バス「宮原4丁目」下車徒歩 5分又は上尾駅行バス「鈴木」下車徒歩 5分,株式会社木下の介護,1631308,東京都新宿区西新宿6-5-1新宿アイランドタワー29階,H12.3.9,,,True,北区,別所町16-3,30.0,さいたま市 有料老人ホーム一覧表,2025-07-01
5,5,ブランシエール南浦和,介護付有料老人ホーム(一般型特定施設入居者生活介護),利用権方式,入居時自立・要支援・要介護,さいたま市指定介護保険特定(一般型特定施設),1176500237,南区 南本町1-4-12,048-710-8081,105,1~2人室16.89~83.86m2,H13.9.20,H18.4.1,JR南浦和駅から徒歩3分,株式会社長谷工シニアウェルデザイン,1050014,東京都港区芝2丁目9番10号,H13.9.20,,,True,南区,南本町1-4-12,105.0,さいたま市 有料老人ホーム一覧表,2025-07-01
6,6,ブランシエールケア北浦和,介護付有料老人ホーム(一般型特定施設入居者生活介護),利用権方式,入居時自立・要支援・要介護,さいたま市指定介護保険特定(一般型特定施設),1176519393,浦和区 領家6-3-14,048-834-8031,58,全室個室16.2~22.2m2,H15.2.17,H18.4.1,JR北浦和駅から徒歩13分,株式会社長谷工シニアウェルデザイン,1050014,東京都港区芝2丁目9番10号,R3.9.29(H14.8.12),,,True,浦和区,領家6-3-14,58.0,さいたま市 有料老人ホーム一覧表,2025-07-01
7,7,ライフコミューン大宮東,介護付有料老人ホーム(一般型特定施設入居者生活介護),利用権方式,入居時自立・要支援・要介護,さいたま市指定介護保険特定(一般型特定施設),1176501128,大宮区 天沼町2-150-1,048-647-6090,66,全室個室13.69~16.11m2,H14.11.24,H18.4.1,JR大宮駅から東武バス「天沼車庫」下車徒歩2分,株式会社木下の介護,1631308,東京都新宿区西新宿6-5-1新宿アイランドタワー29階,H14.11.22,,,True,大宮区,天沼町2-150-1,66.0,さいたま市 有料老人ホーム一覧表,2025-07-01
8,8,ライフコミューン南与野,介護付有料老人ホーム(一般型特定施設入居者生活介護),利用権方式,入居時自立・要支援・要介護,さいたま市指定介護保険特定(一般型特定施設),1176502019,中央区 鈴谷二丁目1234-5,048-851-6490,66,全室個室18.24m2,H15.8.26,H18.4.1,JR埼京線南与野駅から徒歩3分,株式会社木下の介護,1631308,東京都新宿区西新宿6-5-1新宿アイランドタワー29階,H15.8.8,,,True,中央区,鈴谷二丁目1234-5,66.0,さいたま市 有料老人ホーム一覧表,2025-07-01
9,9,ソラスト大宮,介護付有料老人ホーム(一般型特定施設入居者生活介護),利用権方式,入居時自立・要支援・要介護,さいたま市指定介護保険特定(一般型特定施設),1176518528,北区 宮原町1-46-1,048-660-5431,58,全室個室18.20~21.20m2,H15.11.1,H18.4.1,埼玉新都市交通伊奈線加茂宮駅から徒歩3分,株式会社ソラスト,1088210,東京都港区港南2-15-3 品川インターシティC棟12階,R2.11.27(H15.9.8),,,True,北区,宮原町1-46-1,58.0,さいたま市 有料老人ホーム一覧表,2025-07-01
10,10,ブランシエール浦和2,住宅型有料老人ホーム,利用権方式,入居時自立,在宅サービス利用可,,南区 鹿手袋5-3-5,048-862-8588,39,1~2人室29.86~61.20m2,H6.11.8,H18.4.1,JR埼京線武蔵浦和駅から徒歩6分,株式会社長谷工シニアウェルデザイン,1050014,東京都港区芝2丁目9番10号,H15.9.19,,,True,南区,鹿手袋5-3-5,39.0,さいたま市 有料老人ホーム一覧表,2025-07-01
11,11,ベストライフ大宮,介護付有料老人ホーム(一般型特定施設入居者生活介護),利用権方式,入居時自立・要支援・要介護,さいたま市指定介護保険特定(一般型特定施設),1176518346,大宮区 上小町1151-1,048-657-9115,76,1~2人室14.93~31.07m2,H15.7.1,H18.4.1,JR大宮駅から徒歩15分,株式会社ベストライフ埼玉,3330811,埼玉県川口市戸塚3丁目3番10号,R2.8.27(H15.12.2),,,True,大宮区,上小町1151-1,76.0,さいたま市 有料老人ホーム一覧表,2025-07-01
12,12,サニーライフ埼玉,介護付有料老人ホーム(一般型特定施設入居者生活介護),利用権方式,入居時自立・要支援・要介護,さいたま市指定介護保険特定(一般型特定施設),1176502498,北区 宮原町2-124-7,048-666-3600,105,1~2人室10.08~20.62m2,H16.1.1,H18.4.1,埼玉新都市交通伊奈線東宮原駅から徒歩3分,株式会社川島コーポレーション,2921161,千葉県君津市東猪原248番地2,H15.12.24,,,True,北区,宮原町2-124-7,105.0,さいたま市 有料老人ホーム一覧表,2025-07-01
13,13,ベストライフ南浦和,介護付有料老人ホーム(一般型特定施設入居者生活介護),利用権方式,入居時自立・要支援・要介護,さいたま市指定介護保険特定(一般型特定施設),1176518338,南区 南浦和2-10-3,048-813-6980,93,1~2人室14.4~28.8m2,H14.3.1,H18.4.1,JR南浦和駅下車徒歩8分,株式会社ベストライフ埼玉,3330811,埼玉県川口市戸塚3丁目3番10号,R2.8.27(H16.11.9),,,True,南区,南浦和2-10-3,93.0,さいたま市 有料老人ホーム一覧表,2025-07-01
14,14,サニーライフ北与野,介護付有料老人ホーム(一般型特定施設入居者生活介護),利用権方式,入居時自立・要支援・要介護,さいたま市指定介護保険特定(一般型特定施設),1176502571,中央区 上落合2-9-11,048-853-2700,62,全室個室12.44~12.84m2,H16.2.1,H18.4.1,JR埼京線北与野駅下車300m徒歩4分,株式会社川島コーポレーション,2921161,千葉県君津市東猪原248番地2,H16.1.16,,,True,中央区,上落合2-9-11,62.0,さいたま市 有料老人ホーム一覧表,2025-07-01
15,15,サニーライフ大宮,介護付有料老人ホーム(一般型特定施設入居者生活介護),利用権方式,入居時自立・要支援・要介護,さいたま市指定介護保険特定(一般型特定施設),1176502944,大宮区 三橋1-507-2,048-669-3600,86,1~2人室13.85~32.37m2,H16.2.1,H18.4.1,JR大宮駅から西武バス「三橋1丁目」下車徒歩5分,株式会社川島コーポレーション,2921161,千葉県君津市東猪原248番地2,H16.2.3,,,True,大宮区,三橋1-507-2,86.0,さいたま市 有料老人ホーム一覧表,2025-07-01
16,16,メディカルホームまどか武蔵浦和,介護付有料老人ホーム(一般型特定施設入居者生活介護),利用権方式・建物賃貸借方式,入居時自立・要支援・要介護,さいたま市指定介護保険特定(一般型特定施設),1176502795,南区 四谷3-13-20,048-710-7001,54,全室個室18.0m2,H16.5.3,H18.4.1,JR武蔵浦和駅から徒歩15分,株式会社ベネッセスタイルケア,1600023,東京都新宿区西新宿二丁目3番1号新宿モノリスビル,H16.4.9,,,True,南区,四谷3-13-20,54.0,さいたま市 有料老人ホーム一覧表,2025-07-01
17,17,SOMPOケアラヴィーレ大宮,介護付有料老人ホーム(一般型特定施設入居者生活介護),利用権方式,入居時要介護,さいたま市指定介護保険特定(一般型特定施設),1176516753,見沼区 中川1090-1,048-684-1122,71,全室個室18.43~22.63m2,H16.6.1,H18.4.1,JR大宮駅からバス「中川坂上」下車,SOMPOケア株式会社,1400002,東京都品川区東品川4-12-8,H30.6.27(H15.10.30),,,True,見沼区,中川1090-1,71.0,さいたま市 有料老人ホーム一覧表,2025-07-01
18,18,スマイリングホームメディス武蔵浦和,介護付有料老人ホーム(一般型特定施設入居者生活介護),利用権方式,入居時要介護,さいたま市指定介護保険特定(一般型特定施設),1176511507,南区 鹿手袋5-5-6,048-865-6911,44,全室個室15.91m2,H16.7.1,H18.4.1,JR武蔵浦和駅から400m徒歩5分,グリーンライフ株式会社,5650853,大阪府吹田市春日三丁目20番8号,R6.11.27(H16.6.7),,,True,南区,鹿手袋5-5-6,44.0,さいたま市 有料老人ホーム一覧表,2025-07-01
19,19,ベストライフ与野,介護付有料老人ホーム(一般型特定施設入居者生活介護),利用権方式,入居時自立・要支援・要介護,さいたま市指定介護保険特定(一般型特定施設),1176518361,中央区 上落合8-10-13,048-851-6767,66,全室個室13.33~24.20m2,H16.8.1,H18.4.1,JR大宮駅から徒歩13分,株式会社ベストライフ埼玉,3330811,埼玉県川口市戸塚3丁目3番10号,R2.8.27(H16.6.15),,,True,中央区,上落合8-10-13,66.0,さいたま市 有料老人ホーム一覧表,2025-07-01
20,20,リハビリホームまどか中浦和,介護付有料老人ホーム(一般型特定施設入居者生活介護),建物賃貸借方式,入居時自立・要支援・要介護,さいたま市指定介護保険特定(一般型特定施設),1176503132,桜区 西堀1-18-26,048-710-1165,54,全室個室18.10m2,H16.7.24,H18.4.1,JR埼京線中浦和駅から徒歩3分,株式会社ベネッセスタイルケア,1600023,東京都新宿区西新宿二丁目3番1号新宿モノリスビル,H16.6.15,,,True,桜区,西堀1-18-26,54.0,さいたま市 有料老人ホーム一覧表,2025-07-01
21,21,SOMPOケアラヴィーレ北浦和,介護付有料老人ホーム(一般型特定施設入居者生活介護),利用権方式,入居時要支援・要介護,さいたま市指定介護保険特定(一般型特定施設),1176518759,桜区 下大久保81-2,048-857-6518,69,全室個室19.60~26.60m2,H19.10.1(H16.10.1),H18.4.1,JR埼京線与野本町駅から国際興業バス「下大久保」下車徒歩10分,SOMPOケア株式会社,1400002,東京都品川区東品川四丁目12番8号,R3.1.20(H19.9.28)(H16.4.14),,,True,桜区,下大久保81-2,69.0,さいたま市 有料老人ホーム一覧表,2025-07-01
22,22,メディカル・リハビリホームまどか北浦和,介護付有料老人ホーム(一般型特定施設入居者生活介護),利用権方式・建物賃貸借方式,入居時自立・要支援・要介護,さいたま市指定介護保険特定(一般型特定施設),1176503553,浦和区 本太3-36-18,048-813-5266,57,全室個室18.0m2,H16.12.1,H18.4.1,JR京浜東北線北浦和駅から徒歩10分,株式会社ベネッセスタイルケア,1600023,東京都新宿区西新宿二丁目3番1号新宿モノリスビル,H16.10.29,,,True,浦和区,本太3-36-18,57.0,さいたま市 有料老人ホーム一覧表,2025-07-01
23,23,まどかさいたま新都心,介護付有料老人ホーム(一般型特定施設入居者生活介護),利用権方式・建物賃貸借方式,入居時自立・要支援・要介護,さいたま市指定介護保険特定(一般型特定施設),1176503678,中央区 上落合4-2-16,048-851-4640,54,全室個室18.0m2,H17.2.19,H18.4.1,JR埼京線北与野駅から徒歩5分又はJR京浜東北線さいたま新都心駅から徒歩10分,株式会社ベネッセスタイルケア,1600023,東京都新宿区西新宿二丁目3番1号新宿モノリスビル,H17.2.17,,,True,中央区,上落合4-2-16,54.0,さいたま市 有料老人ホーム一覧表,2025-07-01
24,24,ソラストさいたま中央,介護付有料老人ホーム(一般型特定施設入居者生活介護),利用権方式,入居時自立・要支援・要介護,さいたま市指定介護保険特定(一般型特定施設),1176518536,中央区 鈴谷8-2-5,048-857-4165,54,全室個室18.11~20.70m2,H17.3.1,H18.4.1,JR埼京線与野本町駅から徒歩7分,株式会社ソラスト,1088210,東京都港区港南2-15-3 品川インターシティC棟12階,R2.11.27(H16.7.8),,,True,中央区,鈴谷8-2-5,54.0,さいたま市 有料老人ホーム一覧表,2025-07-01
25,25,ボンセジュール大宮,介護付有料老人ホーム(一般型特定施設入居者生活介護),利用権方式・建物賃貸借方式,入居時要介護,さいたま市指定介護保険特定(一般型特定施設),1176510178,北区 大成町4-210,048-661-5595,41,全室個室18.0m2,H17.3.5,H18.4.1,埼玉新都市交通ニューシャトル大成駅から徒歩6分,株式会社ベネッセスタイルケア,1600023,東京都新宿区西新宿二丁目3番1号新宿モノリスビル,H24.3.1(H20.9.26)(H16.9.6),,,True,北区,大成町4-210,41.0,さいたま市 有料老人ホーム一覧表,2025-07-01
26,26,そんぽの家大宮,介護付有料老人ホーム(一般型特定施設入居者生活介護),利用権方式,入居時要介護,さいたま市指定介護保険特定(一般型特定施設),1176503835,大宮区 三橋2-561-1,048-620-6160,51,全室個室18.00m2,H17.4.1,H18.4.1,JR大宮駅からバス「三橋2丁目」下車300m,SOMPOケア株式会社,1400002,東京都品川区東品川4-12-8,H16.7.8,,,True,大宮区,三橋2-561-1,51.0,さいたま市 有料老人ホーム一覧表,2025-07-01
27,27,すこや家・東浦和,介護付有料老人ホーム(一般型特定施設入居者生活介護),建物賃貸借方式,入居時要介護,さいたま市指定介護保険特定(一般型特定施設),1176503934,緑区 大間木550-1,048-810-5262,36,全室個室15.00m2,H17.4.1,H18.4.1,JR東浦和駅から徒歩15分,ALSOK介護株式会社,3300856,さいたま市大宮区三橋2-795,H17.2.9,,,True,緑区,大間木550-1,36.0,さいたま市 有料老人ホーム一覧表,2025-07-01
28,28,さいたまケアコミュニティそよ風,介護付有料老人ホーム(一般型特定施設入居者生活介護),利用権方式,入居時要介護,さいたま市指定介護保険特定(一般型特定施設),1176504049,緑区 道祖土1-7-39,048-813-8471,67,全室個室20.10m2,H17.5.1,H18.4.1,"JR浦和駅から2,100m",株式会社SOYOKAZE,1070062,東京都港区南青山2-12-14ユニマット青山ビル,H16.8.12,,,True,緑区,道祖土1-7-39,67.0,さいたま市 有料老人ホーム一覧表,2025-07-01
29,29,そんぽの家大宮見沼,介護付有料老人ホーム(一般型特定施設入居者生活介護),利用権方式,入居時要介護,さいたま市指定介護保険特定(一般型特定施設),1176504411,見沼区 大字南中丸317-2,048-682-3121,53,全室個室18.00m2,H17.8.1,H18.4.1,東武野田線大和田駅からバス「高井北」下車250m,SOMPOケア株式会社,1400002,東京都品川区東品川4-12-8,H17.2.9,,,True,見沼区,大字南中丸317-2,53.0,さいたま市 有料老人ホーム一覧表,2025-07-01
30,30,すこや家・大宮佐知川,介護付有料老人ホーム(一般型特定施設入居者生活介護),建物賃貸借方式,入居時要介護,さいたま市指定介護保険特定(一般型特定施設),1176504346,西区 佐知川1144-1,048-620-6516,60,全室個室14.85~18.00m2,H17.7.1,H18.4.1,JR大宮駅から指扇行きバス10分「佐知川」下車徒歩2分,ALSOK介護株式会社,3300856,さいたま市大宮区三橋2-795,H17.6.10,,,True,西区,佐知川1144-1,60.0,さいたま市 有料老人ホーム一覧表,2025-07-01
31,31,ホームステーションらいふ東浦和,介護付有料老人ホーム(一般型特定施設入居者生活介護),建物賃貸借方式,入居時自立・要支援・要介護,さいたま市指定介護保険特定(一般型特定施設),1176504288,緑区 東浦和5-27-13,048-810-4555,54,1~2人室10.725~26.563m2,H17.7.1,H18.4.1,JR武蔵野線東浦和駅から徒歩4分,株式会社らいふ,1400002,東京都品川区東品川2-2-24,H17.7.1,,,True,緑区,東浦和5-27-13,54.0,さいたま市 有料老人ホーム一覧表,2025-07-01
32,32,サニーライフ南浦和,介護付有料老人ホーム(一般型特定施設入居者生活介護),利用権方式,入居時自立・要支援・要介護,さいたま市指定介護保険特定(一般型特定施設),1176504536,南区 文蔵3-25-1,048-865-0027,86,全室個室10.88~11.88m2,H17.7.1,H18.4.1,京浜東北線・武蔵野線南浦和駅下車、徒歩約18分,株式会社川島コーポレーション,2921161,千葉県君津市東猪原248番地2,H17.7.22,,,True,南区,文蔵3-25-1,86.0,さいたま市 有料老人ホーム一覧表,2025-07-01
33,33,みんなの家・新都心,介護付有料老人ホーム(一般型特定施設入居者生活介護),利用権方式・建物賃貸借方式,入居時自立・要支援・要介護,さいたま市指定介護保険特定(一般型特定施設),1176507687,大宮区 上小町1440-2,048-657-3231,38,全室個室16.25~16.35m2,H17.9.1,H18.4.1,JR北与野駅下車、徒歩18分又はJRさいたま新都心駅下車、徒歩18分,ALSOK介護株式会社,3300856,さいたま市大宮区三橋2-795,H22.6.1(H21.8.1)(H17.8.24),,,True,大宮区,上小町1440-2,38.0,さいたま市 有料老人ホーム一覧表,2025-07-01
34,34,ニチイホーム大宮,介護付有料老人ホーム(一般型特定施設入居者生活介護),利用権方式,入居時要支援・要介護,さいたま市指定介護保険特定(一般型特定施設),1176507778,北区 日進町2-1334,048-662-5330,54,全室個室18.00~18.73m2,H17.10.1,H18.4.1,JR川越線日進駅から徒歩10分,株式会社ニチイケアパレス,1010062,東京都千代田区神田駿河台4-6,H21.10.1(H17.3.3),,,True,北区,日進町2-1334,54.0,さいたま市 有料老人ホーム一覧表,2025-07-01
35,35,家族の家ひまわり与野,介護付有料老人ホーム(一般型特定施設入居者生活介護),建物賃貸借方式,入居時自立・要支援・要介護,さいたま市指定介護保険特定(一般型特定施設),1176504825,中央区 鈴谷8-3-8,048-840-2080,52,全室個室14.18m2,H17.12.10,H18.4.1,JR与野本町駅徒歩7分,株式会社三英堂商事,1500002,東京都渋谷区渋谷二丁目15番1号,H17.12.9,,,True,中央区,鈴谷8-3-8,52.0,さいたま市 有料老人ホーム一覧表,2025-07-01
36,36,すこや家・大宮日進,介護付有料老人ホーム(一般型特定施設入居者生活介護),建物賃貸借方式,入居時要介護,さいたま市指定介護保険特定(一般型特定施設),1176504858,北区 日進町1-198-4,048-662-7685,36,全室個室15.00m2,H18.1.1,H18.4.1,JR日進駅より徒歩20分又は大宮駅よりバス、道場前下車徒歩3分,ALSOK介護株式会社,3300856,さいたま市大宮区三橋2-795,H17.6.9,,,True,北区,日進町1-198-4,36.0,さいたま市 有料老人ホーム一覧表,2025-07-01
37,37,そんぽの家南与野,介護付有料老人ホーム(一般型特定施設入居者生活介護),利用権方式,入居時要介護,さいたま市指定介護保険特定(一般型特定施設),1176504890,中央区 鈴谷4-9-11,048-859-6363,42,全室個室18.00m2,H18.1.10,H18.4.1,JR埼京線「南与野駅」からバスで「鈴谷札の辻」下車250m,SOMPOケア株式会社,1400002,東京都品川区東品川4-12-8,H17.7.8,,,True,中央区,鈴谷4-9-11,42.0,さいたま市 有料老人ホーム一覧表,2025-07-01
38,38,アンサンブル大宮,介護付有料老人ホーム(一般型特定施設入居者生活介護),利用権方式,入居時要介護,さいたま市指定介護保険特定(一般型特定施設),1176505038,大宮区 上小町960-5,048-650-0506,99,全室個室14.12~14.84m2,H18.3.15,H18.4.1,JR大宮駅から徒歩25分。バス停かみこ公園駅徒歩200m,メディカル・ケア・サービス株式会社,3306029,さいたま市中央区新都心11-2ランド·アクシス·タワー29F,H17.7.14,,,True,大宮区,上小町960-5,99.0,さいたま市 有料老人ホーム一覧表,2025-07-01
39,39,ベストライフさいたま,介護付有料老人ホーム(一般型特定施設入居者生活介護),利用権方式,入居時自立・要支援・要介護,さいたま市指定介護保険特定(一般型特定施設),1176518379,中央区 鈴谷5-2-5,048-840-0571,63,1~2人室12.15~24.30m2,H13.12.1,H18.4.1,JR埼京線南与野駅から徒歩4分,株式会社ベストライフ埼玉,3330811,埼玉県川口市戸塚3丁目3番10号,R2.8.27(H18.2.28),,,True,中央区,鈴谷5-2-5,63.0,さいたま市 有料老人ホーム一覧表,2025-07-01
40,40,アズハイム中浦和,介護付有料老人ホーム(一般型特定施設入居者生活介護),利用権方式,入居時自立・要支援・要介護,さいたま市指定介護保険特定(一般型特定施設),1176505061,桜区 西堀2-21-9,048-837-1590,72,1~2人室16.5~33.75m2,H18.4.1,H18.4.1,JR埼京線中浦和駅から徒歩7分,株式会社アズパートナーズ,1010062,東京都千代田区神田駿河台二丁目2番地,H18.3.1,,,True,桜区,西堀2-21-9,72.0,さいたま市 有料老人ホーム一覧表,2025-07-01
41,41,メディカル・リハビリホームまどか大宮,介護付有料老人ホーム(一般型特定施設入居者生活介護),利用権方式・建物賃貸借方式,入居時自立・要支援・要介護,さいたま市指定介護保険特定(一般型特定施設),1176505426,大宮区 浅間町2-183,048-650-2122,58,全室個室18.0m2,H18.4.1,H18.4.1,JR京浜東北線・埼京線「大宮駅」から徒歩16分,株式会社ベネッセスタイルケア,1600023,東京都新宿区西新宿二丁目3番1号新宿モノリスビル,H18.3.31,,,True,大宮区,浅間町2-183,58.0,さいたま市 有料老人ホーム一覧表,2025-07-01
42,42,応援家族大宮,介護付有料老人ホーム(一般型特定施設入居者生活介護),利用権方式,入居時自立・要支援・要介護,さいたま市指定介護保険特定(一般型特定施設),1176515623,北区 日進町3-590,048-662-5708,54,全室個室20.15~22.00m2,H18.8.1,H18.8.1,JR宮原駅から徒歩15分,株式会社木下の介護,1631308,東京都新宿区西新宿6-5-1新宿アイランドタワー29階,H18.6.30,,,True,北区,日進町3-590,54.0,さいたま市 有料老人ホーム一覧表,2025-07-01
43,43,メディカル・リハビリホームまどか浦和領家,介護付有料老人ホーム(一般型特定施設入居者生活介護),利用権方式・建物賃貸借方式,入居時自立・要支援・要介護,さいたま市指定介護保険特定(一般型特定施設),1176505905,浦和区 領家7-5-22,048-823-7023,54,全室個室18.0m2,H18.11.25,H18.11.25,JR京浜東北線北浦和駅から徒歩16分,株式会社ベネッセスタイルケア,1600023,東京都新宿区西新宿二丁目3番1号新宿モノリスビル,H18.11.10,,,True,浦和区,領家7-5-22,54.0,さいたま市 有料老人ホーム一覧表,2025-07-01
44,44,ル・レーヴ南浦和,介護付有料老人ホーム(一般型特定施設入居者生活介護),利用権方式,入居時自立・要支援・要介護,さいたま市指定介護保険特定(一般型特定施設),1176506028,南区 大谷口967-1,048-678-5001,75,全室個室18.51~34.07m2,H19.4.1,H19.4.1,JR浦和駅から国際興業バス「稲荷越」下車、徒歩2分,株式会社メディカル・デザイン,1030025,東京都中央区日本橋茅場町1-3-9茅場町MYビル4階,H18.3.3,,,True,南区,大谷口967-1,75.0,さいたま市 有料老人ホーム一覧表,2025-07-01
45,45,大宮やわらぎ苑,介護付有料老人ホーム(一般型特定施設入居者生活介護),利用権方式,入居時自立・要支援・要介護,さいたま市指定介護保険特定(一般型特定施設),1176508883,大宮区 上小町464,048-658-1800,60,全室個室11.06~12.52m2,H16.12.1,H18.4.1,JR大宮駅西口から西武バス1・2番乗り場「西上小町」下車徒歩1分,株式会社川島コーポレーション,2921161,千葉県君津市東猪原248番地2,H22.5.26(H17.7.14),,,True,大宮区,上小町464,60.0,さいたま市 有料老人ホーム一覧表,2025-07-01
46,46,三橋そよ風ホーム,住宅型有料老人ホーム,利用権方式,入居時自立・要支援,在宅サービス利用可,,大宮区 三橋1-871,048-654-8625,9,全室個室11.94~12.19m2,H20.3.1,H20.3.1,東武バス「県営三橋団地」より徒歩1分,株式会社SOYOKAZE,1070062,東京都港区南青山2-12-14ユニマット青山ビル,H20.3.14,,R6.2.1~R6.7.31休止中,True,大宮区,三橋1-871,9.0,さいたま市 有料老人ホーム一覧表,2025-07-01
47,47,聖蹟プライムコート東大宮,住宅型有料老人ホーム,利用権方式,入居時自立・要支援・要介護,在宅サービス利用可,,見沼区 春野2-10-25,048-682-2040,278,1~2人室39.20~83.30m2,H17.4.1,H18.4.1,JR宇都宮線・東大宮駅からバス約10分、バス停「春野図書館前」下車、徒歩2分。,株式会社フォープロプス,3370002,さいたま市見沼区春野2-10-25,H20.9.10,,,True,見沼区,春野2-10-25,278.0,さいたま市 有料老人ホーム一覧表,2025-07-01
48,48,そんぽの家S大宮,住宅型有料老人ホーム,利用権方式,入居時自立,在宅サービス利用可,,北区 宮原町3-374,048-651-3500,77,全室個室26.92~57.78m2,H12.10.1,H18.4.1,JR高崎線「宮原駅」下車、徒歩2分,SOMPOケア株式会社,1400002,東京都品川区東品川四丁目12番8号,R3.1.20(H20.11.14),,,True,北区,宮原町3-374,77.0,さいたま市 有料老人ホーム一覧表,2025-07-01
49,49,ブランシエール浦和,住宅型有料老人ホーム,利用権方式,入居時自立,在宅サービス利用可,,南区 鹿手袋4-31-10,048-865-2811,116,2人室55.90~99.00m2,H5.4.4,H18.4.1,JR埼京線・武蔵野線「武蔵浦和駅」下車、徒歩10分,株式会社長谷工シニアウェルデザイン,1050014,東京都港区芝2丁目9番10号,H20.8.14,,,True,南区,鹿手袋4-31-10,116.0,さいたま市 有料老人ホーム一覧表,2025-07-01
50,50,ラヴィ南浦和II,住宅型有料老人ホーム,利用権方式,入居時自立・要支援・要介護,在宅サービス利用可,,南区 大谷場1-14-16,048-813-8251,50,全室個室10.11~11.55m2,H17.8.1,H18.4.1,JR京浜東北線・武蔵野線南浦和駅から徒歩15分,株式会社ベストライフ埼玉,3330811,埼玉県川口市戸塚3丁目3番10号,R2.8.27(H21.3.11),,,True,南区,大谷場1-14-16,50.0,さいたま市 有料老人ホーム一覧表,2025-07-01
51,51,ジョイライフさいたま,介護付有料老人ホーム(一般型特定施設入居者生活介護),利用権方式,入居時自立・要支援・要介護,さいたま市指定介護保険特定(一般型特定施設),1176520730,南区 文蔵3-23-5,048-866-7161,48,1~2人室11.79~25.29m2,H15.5,H18.4.1,JR京浜東北線・武蔵野線南浦和駅から徒歩13分,株式会社ジョイライフ,1020072,東京都千代田区飯田橋4-10-1飯田橋セントラルプラザ510号,H21.5.25,,,True,南区,文蔵3-23-5,48.0,さいたま市 有料老人ホーム一覧表,2025-07-01
52,52,聖蹟プライムケアコート東大宮,介護付有料老人ホーム(一般型特定施設入居者生活介護),利用権方式,入居時自立・要支援・要介護,さいたま市指定介護保険特定(一般型特定施設),1176507927,見沼区 春野2-10-25,048-682-3939,32,1~2人室27.88~72.26m2,H22.1.1,H22.1.1,JR宇都宮線・東大宮駅からバス約10分、バス停「春野図書館前」下車、徒歩2分。,株式会社フォープロプス,3370002,さいたま市見沼区春野2-10-25,H21.10.1,,,True,見沼区,春野2-10-25,32.0,さいたま市 有料老人ホーム一覧表,2025-07-01
53,53,サニーライフ東浦和,介護付有料老人ホーム(一般型特定施設入居者生活介護),利用権方式,入居時自立・要支援・要介護,さいたま市指定介護保険特定(一般型特定施設),1176508107,緑区 東浦和8-1-2,048-615-3600,161,全室個室13.96~29.17m2,H22.3.5,H22.3.5,JR武蔵野線「東浦和駅」から徒歩12分(900m),株式会社川島コーポレーション,2921161,千葉県君津市東猪原248番地2,H21.12.15,,,True,緑区,東浦和8-1-2,161.0,さいたま市 有料老人ホーム一覧表,2025-07-01
54,54,アズハイム東浦和,介護付有料老人ホーム(一般型特定施設入居者生活介護),利用権方式,入居時自立・要支援・要介護,さいたま市指定介護保険特定(一般型特定施設),1176508388,緑区 東浦和2-22-3,048-876-5880,77,全室個室13.5~27m2,H22.6.1,H22.6.1,JR武蔵野線「東浦和駅」徒歩8分(約600m),株式会社アズパートナーズ,1010062,東京都千代田区神田駿河台二丁目2番地,H22.2.19,,,True,緑区,東浦和2-22-3,77.0,さいたま市 有料老人ホーム一覧表,2025-07-01
55,55,グランダ武蔵浦和,介護付有料老人ホーム(一般型特定施設入居者生活介護),利用権方式,入居時自立・要支援・要介護,さいたま市指定介護保険特定(一般型特定施設),1176508537,南区 白幡6-10-15,048-844-3280,60,全室個室18.1~36.2m2,H22.7.1,H22.7.1,"JR埼京線「武蔵浦和駅」徒歩13分(1,020m)",株式会社ベネッセスタイルケア,1600023,東京都新宿区西新宿二丁目3番1号新宿モノリスビル,H22.2.24,,,True,南区,白幡6-10-15,60.0,さいたま市 有料老人ホーム一覧表,2025-07-01
56,56,アズハイム南浦和,介護付有料老人ホーム(一般型特定施設入居者生活介護),利用権方式,入居時自立・要支援・要介護,さいたま市指定介護保険特定(一般型特定施設),1176508511,南区 文蔵3-31-12,048-710-9330,60,1~2人室13.28.~35.25m2,H22.7.1,H22.7.1,"JR京浜東北線「南浦和駅」徒歩約14分(約1,080m)",株式会社アズパートナーズ,1010062,東京都千代田区神田駿河台二丁目2番地,H22.4.27,,,True,南区,文蔵3-31-12,60.0,さいたま市 有料老人ホーム一覧表,2025-07-01
57,57,みんなの家・南中野,介護付有料老人ホーム(一般型特定施設入居者生活介護),利用権方式,入居時要支援・要介護,さいたま市指定介護保険特定(一般型特定施設),1176508602,見沼区 南中野1051-1,048-682-3211,45,全室個室18.30m2,H22.9.1,H22.9.1,JR「大宮駅」東口下車、国際興業バス15分「庚申塚」下車、徒歩10分,ALSOK介護株式会社,3300856,さいたま市大宮区三橋2-795,H22.2.19,,,True,見沼区,南中野1051-1,45.0,さいたま市 有料老人ホーム一覧表,2025-07-01
58,58,みんなの家・東浦和2,介護付有料老人ホーム(一般型特定施設入居者生活介護),利用権方式,入居時要支援・要介護,さいたま市指定介護保険特定(一般型特定施設),1176508628,緑区 大間木1677-1,048-810-6200,33,全室個室21.00m2,H22.10.1,H22.10.1,JR武蔵野線「東浦和駅」東口下車 徒歩15分,ALSOK介護株式会社,3300856,さいたま市大宮区三橋2-795,H22.3.2,,,True,緑区,大間木1677-1,33.0,さいたま市 有料老人ホーム一覧表,2025-07-01
59,59,ホームステーションらいふ指扇,介護付有料老人ホーム(一般型特定施設入居者生活介護),利用権方式,入居時自立・要支援・要介護,さいたま市指定介護保険特定(一般型特定施設),1176508610,西区 大字土屋242-1,048-622-3900,45,全室個室18.0~19.2m2,H22.10.1,H22.10.1,JR川越線「指扇駅」徒歩16分,株式会社らいふ,1400002,東京都品川区東品川2-2-24,H22.6.25,,,True,西区,大字土屋242-1,45.0,さいたま市 有料老人ホーム一覧表,2025-07-01
60,60,あんしんホーム浦和芝原,介護付有料老人ホーム(一般型特定施設入居者生活介護),利用権方式,入居時自立・要支援・要介護,さいたま市指定介護保険特定(一般型特定施設),1176508800,緑区 芝原3-14-1,048-767-3162,50,全室個室18.20m2,H22.11.1,H22.11.1,JR「東浦和駅」 国際興業バス6分「芝原三丁目」下車、徒歩3分,株式会社ヴァティー,1050004,東京都港区西新橋1-15-4 銀線西新橋ビル8階,H22.5.26,,,True,緑区,芝原3-14-1,50.0,さいたま市 有料老人ホーム一覧表,2025-07-01
61,61,ロイヤルレジデンス大宮,介護付有料老人ホーム(一般型特定施設入居者生活介護),利用権方式,入居時要支援・要介護,さいたま市指定介護保険特定(一般型特定施設),1176508842,見沼区 蓮沼75-2,048-682-1000,80,全室個室18.26.~19.18m2,H22.12.1,H22.12.1,東部野田線「大和田駅」徒歩25分JR大宮駅 バス11分「蓮沼」下車、徒歩7分,株式会社社会福祉総合研究所,1600023,東京都新宿区西新宿7-10-7,H22.3.29,,,True,見沼区,蓮沼75-2,80.0,さいたま市 有料老人ホーム一覧表,2025-07-01
62,62,SOMPOケアラヴィーレ西大宮,介護付有料老人ホーム(一般型特定施設入居者生活介護),利用権方式,入居時要支援・要介護,さいたま市指定介護保険特定(一般型特定施設),1176516787,西区 西大宮1丁目18番地1,048-620-4165,74,全室個室20.3~22.37m2,H23.1.1,H23.1.1,JR川越線「西大宮駅」徒歩1分(80m),SOMPOケア株式会社,1400002,東京都品川区東品川4-12-8,H30.6.27(H22.10.27),,,True,西区,西大宮1丁目18番地1,74.0,さいたま市 有料老人ホーム一覧表,2025-07-01
63,63,SOMPOケアラヴィーレ大宮弐番館,介護付有料老人ホーム(一般型特定施設入居者生活介護),利用権方式,入居時要支援・要介護,さいたま市指定介護保険特定(一般型特定施設),1176516779,見沼区 中川1062‐1,048-687-4165,61,全室個室18.56m2,H23.1.1,H23.1.1,JR大宮駅東口、バス10分「中川坂上」下車、徒歩1分,SOMPOケア株式会社,1400002,東京都品川区東品川4-12-8,H30.6.27(H22.11.2),,,True,見沼区,中川1062‐1,61.0,さいたま市 有料老人ホーム一覧表,2025-07-01
64,64,ル・レーヴ南浦和さくら館,介護付有料老人ホーム(一般型特定施設入居者生活介護),利用権方式,入居時自立・要支援・要介護,さいたま市指定介護保険特定(一般型特定施設),1176509428,南区 大谷口972-7,048-799-2710,41,全室個室19.05~19.68m2,H23.5.1,H23.5.1,・JR浦和駅東口、バス13分「本村」下車、徒歩8分・JR南浦和駅西口、バス14分「本村」下車、徒歩8分,株式会社東日本福祉経営サービス,9500150,新潟県新潟市江南区下早通柳田2-2-17,H22.11.25,,,True,南区,大谷口972-7,41.0,さいたま市 有料老人ホーム一覧表,2025-07-01
65,65,メディカルホームここち東岩槻,介護付有料老人ホーム(一般型特定施設入居者生活介護),利用権方式,入居時自立・要支援・要介護,さいたま市指定介護保険特定(一般型特定施設),1176510160,岩槻区 東岩槻2-1-1,048-793-0020,51,全室個室18.00~18.97m2,H23.6.1,H23.6.1,東武野田線東岩槻駅から徒歩4分,株式会社ベネッセスタイルケア,1600023,東京都新宿区西新宿二丁目3番1号新宿モノリスビル,H24.3.1(H22.12.7),,,True,岩槻区,東岩槻2-1-1,51.0,さいたま市 有料老人ホーム一覧表,2025-07-01
66,66,ソラスト大宮見沼,介護付有料老人ホーム(一般型特定施設入居者生活介護),利用権方式,入居時自立・要支援・要介護,さいたま市指定介護保険特定(一般型特定施設),1176509527,見沼区 大字南中丸630,048-682-3331,55,全室個室18.6m2,H23.6.1,H23.6.1,・JR大宮駅東口、バス12分「大和田」下車、徒歩10分・東武野田線大和田駅より徒歩25分,株式会社ソラスト,1088210,東京都港区港南2-15-3 品川インターシティC棟12階,H23.2.1,,,True,見沼区,大字南中丸630,55.0,さいたま市 有料老人ホーム一覧表,2025-07-01
67,67,ル・レーヴ大宮北,介護付有料老人ホーム(一般型特定施設入居者生活介護),利用権方式,入居時自立・要支援・要介護,さいたま市指定介護保険特定(一般型特定施設),1176509584,北区 吉野町1-37-5,048-607-8000,30,全室個室18.02~18.62m2,H23.7.1,H23.7.1,埼玉新都市交通伊奈線今羽駅から500m,株式会社東日本福祉経営サービス,9500150,新潟県新潟市江南区下早通柳田2-2-17,H22.10.18,,,True,北区,吉野町1-37-5,30.0,さいたま市 有料老人ホーム一覧表,2025-07-01
68,68,ニチイケアセンター内野本郷,介護付有料老人ホーム(一般型特定施設入居者生活介護),利用権方式,入居時自立・要支援・要介護,さいたま市指定介護保険特定(一般型特定施設),1176509659,西区 内野本郷1085-1,048-621-1161,60,全室個室18.00~19.50m2,H23.8.1,H23.8.1,JR宮原駅西口、バス5分「内野本郷」下車、徒歩1分,株式会社ニチイ学館,1010062,東京都千代田区神田駿河台2-9,H23.1.18,,,True,西区,内野本郷1085-1,60.0,さいたま市 有料老人ホーム一覧表,2025-07-01
69,69,みんなの家・南中丸,介護付有料老人ホーム(一般型特定施設入居者生活介護),利用権方式,入居時要支援・要介護,さいたま市指定介護保険特定(一般型特定施設),1176509618,見沼区 南中丸206-6,048-682-6700,36,全室個室18m2,H23.8.1,H23.8.1,JR大宮駅、バス8分「中丸」下車、徒歩5分,ALSOK介護株式会社,3300856,さいたま市大宮区三橋2-795,H23.3.3,,,True,見沼区,南中丸206-6,36.0,さいたま市 有料老人ホーム一覧表,2025-07-01
70,70,まどか浦和上木崎,介護付有料老人ホーム(一般型特定施設入居者生活介護),利用権方式,入居時自立・要支援・要介護,さいたま市指定介護保険特定(一般型特定施設),1176509733,浦和区 上木崎4-7-28,048-814-3700,58,全室個室18~19.29m2,H23.9.1,H23.9.1,JR与野駅東口より徒歩11分,株式会社ベネッセスタイルケア,1600023,東京都新宿区西新宿二丁目3番1号新宿モノリスビル,H23.2.15,,,True,浦和区,上木崎4-7-28,58.0,さいたま市 有料老人ホーム一覧表,2025-07-01
71,71,ボンセジュール南浦和,介護付有料老人ホーム(一般型特定施設入居者生活介護),利用権方式,入居時要支援・要介護,さいたま市指定介護保険特定(一般型特定施設),1176510186,南区 南浦和2-9-3,048-811-1305,38,全室個室18.00m2,H23.11.1,H23.11.1,JR南浦和駅、徒歩約10分,株式会社ベネッセスタイルケア,1600023,東京都新宿区西新宿二丁目3番1号新宿モノリスビル,H24.3.1(H23.5.31),,,True,南区,南浦和2-9-3,38.0,さいたま市 有料老人ホーム一覧表,2025-07-01
72,72,ニチイケアセンター大谷,介護付有料老人ホーム(一般型特定施設入居者生活介護),利用権方式,入居時自立・要支援・要介護,さいたま市指定介護保険特定(一般型特定施設),1176509865,見沼区 大谷177-7,048-682-1855,60,全室個室18.00~19.20m2,H23.12.1,H23.12.1,・東武野田線七里駅下車、バス9分「向大谷」下車、徒歩4分・JR大宮駅東口、バス24分「向大谷」下車、徒歩4分,株式会社ニチイ学館,1010062,東京都千代田区神田駿河台2-9,H23.4.12,,,True,見沼区,大谷177-7,60.0,さいたま市 有料老人ホーム一覧表,2025-07-01
73,73,大宮明生苑,介護付有料老人ホーム(一般型特定施設入居者生活介護),利用権方式,入居時要支援・要介護,さいたま市指定介護保険特定(一般型特定施設),1176509881,北区 櫛引町2-327,048-661-0808,80,全室個室18.00m2,H23.12.1,H23.12.1,埼玉新都市交通鉄道博物館駅より徒歩13分,株式会社明昭,1210064,東京都足立区保木間4-3-5,H23.6.13,,,True,北区,櫛引町2-327,80.0,さいたま市 有料老人ホーム一覧表,2025-07-01
74,74,ニチイホーム東浦和,介護付有料老人ホーム(一般型特定施設入居者生活介護),利用権方式,入居時要支援・要介護,さいたま市指定介護保険特定(一般型特定施設),1176509915,緑区 大間木816,048-810-6677,70,1~2人室18.05~31.52m2,H23.12.19,H23.12.19,JR東浦和駅、バス10分,株式会社ニチイケアパレス,1010062,東京都千代田区神田駿河台4-6,H23.4.11,,,True,緑区,大間木816,70.0,さいたま市 有料老人ホーム一覧表,2025-07-01
75,75,みんなの家・東浦和3,介護付有料老人ホーム(一般型特定施設入居者生活介護),利用権方式,入居時要支援・要介護,さいたま市指定介護保険特定(一般型特定施設),1176509964,緑区 東浦和7-29-4,048-810-6565,33,全室個室18m2,H24.2.1,H24.2.1,JR東浦和駅駅より徒歩15分、または国際興行バス「大牧小学校入り口」下車100m,ALSOK介護株式会社,3300856,さいたま市大宮区三橋2-795,H23.9.16,,,True,緑区,東浦和7-29-4,33.0,さいたま市 有料老人ホーム一覧表,2025-07-01
76,76,ニチイケアセンター堀崎,介護付有料老人ホーム(一般型特定施設入居者生活介護),利用権方式,入居時自立・要支援・要介護,さいたま市指定介護保険特定(一般型特定施設),1176510012,見沼区 堀崎町1228-1,048-682-1137,64,全室個室18.00~19.20m2,H24.3.1,H24.3.1,JR東大宮駅、徒歩20分,株式会社ニチイ学館,1010062,東京都千代田区神田駿河台2-9,H23.4.12,,,True,見沼区,堀崎町1228-1,64.0,さいたま市 有料老人ホーム一覧表,2025-07-01
77,77,ソラスト大宮東,介護付有料老人ホーム(一般型特定施設入居者生活介護),利用権方式,入居時自立・要支援・要介護,さいたま市指定介護保険特定(一般型特定施設),1176510020,見沼区 大字大谷6,048-681-6601,50,全室個室18.00~19.20m2,H24.3.1,H24.3.1,JR大宮駅東口、バス17分「蓮沼」下車、徒歩13分,株式会社ソラスト,1088210,東京都港区港南2-15-3 品川インターシティC棟12階,H23.4.12,,,True,見沼区,大字大谷6,50.0,さいたま市 有料老人ホーム一覧表,2025-07-01
78,78,アースサポートクオリア東浦和,介護付有料老人ホーム(一般型特定施設入居者生活介護),利用権方式,入居時自立・要支援・要介護,さいたま市指定介護保険特定(一般型特定施設),1176509980,南区 大谷口2348-4,048-810-6800,60,全室個室18.00~19.20m2,H24.3.1,H24.3.1,JR東浦和駅、バス5分「イーストシティ」下車、徒歩6分,アースサポート株式会社,1510071,東京都渋谷区本町1-8-7,H23.5.24,,,True,南区,大谷口2348-4,60.0,さいたま市 有料老人ホーム一覧表,2025-07-01
79,79,みんなの家・三橋6丁目,介護付有料老人ホーム(一般型特定施設入居者生活介護),利用権方式,入居時要支援・要介護,さいたま市指定介護保険特定(一般型特定施設),1176510004,西区 三橋6-393-1,048-621-2211,36,全室個室18.9m2,H24.3.1,H24.3.1,JR川越線 西大宮駅 徒歩15分,ALSOK介護株式会社,3300856,さいたま市大宮区三橋2-795,H23.11.11,,,True,西区,三橋6-393-1,36.0,さいたま市 有料老人ホーム一覧表,2025-07-01
80,80,プレザンメゾンさいたま指扇,介護付有料老人ホーム(一般型特定施設入居者生活介護),利用権方式,入居時要支援・要介護,さいたま市指定介護保険特定(一般型特定施設),1176510350,西区 大字土屋1729-1,048-621-3021,50,全室個室18.96~19.14m2,H24.5.1,H24.5.1,JR川越線 指扇駅 徒歩15分,株式会社ケア21,5300003,大阪市北区堂島2-2-2 近鉄堂島ビル10階,H23.10.25,,,True,西区,大字土屋1729-1,50.0,さいたま市 有料老人ホーム一覧表,2025-07-01
81,81,SOMPOケアラヴィーレ武蔵浦和,介護付有料老人ホーム(一般型特定施設入居者生活介護),利用権方式,入居時要支援・要介護,さいたま市指定介護保険特定(一般型特定施設),1176516761,南区 辻5-8-3,048-710-4165,73,全室個室18.00~19.23m2,H24.5.1,H24.5.1,JR埼京線 北戸田駅 徒歩10分,SOMPOケア株式会社,1400002,東京都品川区東品川4-12-8,H30.6.27(H24.2.9),,,True,南区,辻5-8-3,73.0,さいたま市 有料老人ホーム一覧表,2025-07-01
82,82,夢眠おおみやきた,介護付有料老人ホーム(一般型特定施設入居者生活介護),利用権方式,入居時要支援・要介護,さいたま市指定介護保険特定(一般型特定施設),1176519658,北区 吉野町2-214-3,048-662-9547,33,全室個室18m2,R4.3.1,R4.3.1,JR宮原駅東口、バス乗車10分「吉野町車庫」下車、徒歩3分,株式会社夢眠ホーム,4610001,愛知県名古屋市東区泉三丁目7番9号 グランエールサノヤ 3F,R4.2.28,,,True,北区,吉野町2-214-3,33.0,さいたま市 有料老人ホーム一覧表,2025-07-01
83,83,メディカルケアホーム与野中央,介護付有料老人ホーム(一般型特定施設入居者生活介護),利用権方式,入居時自立・要支援・要介護,さいたま市指定介護保険特定(一般型特定施設),1176510400,中央区 上峰3-6-2,048-829-7853,50,全室個室18.00~19.70m2,H24.6.1,H24.6.1,JR埼京線 与野本町駅 徒歩15分,医療法人博滇会,3310061,さいたま市西区西遊馬1260-1,H23.8.25,,,True,中央区,上峰3-6-2,50.0,さいたま市 有料老人ホーム一覧表,2025-07-01
84,84,ベストライフ東大宮,介護付有料老人ホーム(一般型特定施設入居者生活介護),利用権方式,入居時自立・要支援・要介護,さいたま市指定介護保険特定(一般型特定施設),1176518353,見沼区 東大宮6-9-2,048-682-3516,75,全室個室18.00m2,H24.6.1,H24.6.1,JR東北本線(宇都宮線)東大宮駅徒歩8分(640m),株式会社ベストライフ埼玉,3330811,埼玉県川口市戸塚3丁目3番10号,R2.8.27(H23.7.15),,,True,見沼区,東大宮6-9-2,75.0,さいたま市 有料老人ホーム一覧表,2025-07-01
85,85,みんなの家・七里新堤,介護付有料老人ホーム(一般型特定施設入居者生活介護),利用権方式,入居時要支援・要介護,さいたま市指定介護保険特定(一般型特定施設),1176510517,見沼区 新堤116-1,048-682-1080,39,全室個室18.00~20.40m2,H24.7.1,H24.7.1,東武野田線 七里駅 徒歩10分,ALSOK介護株式会社,3300856,さいたま市大宮区三橋2-795,H23.11.11,,,True,見沼区,新堤116-1,39.0,さいたま市 有料老人ホーム一覧表,2025-07-01
86,86,みんなの家・大宮櫛引,介護付有料老人ホーム(一般型特定施設入居者生活介護),利用権方式,入居時要支援・要介護,さいたま市指定介護保険特定(一般型特定施設),1176510616,北区 櫛引町2-137-1,048-669-7555,42,全室個室18m2,H24.8.1,H24.8.1,JR大宮駅西口、東武バス「シティーハイツ三橋行き」乗車「自衛隊前」下車、徒歩3分,ALSOK介護株式会社,3300856,さいたま市大宮区三橋2-795,H23.10.19,,,True,北区,櫛引町2-137-1,42.0,さいたま市 有料老人ホーム一覧表,2025-07-01
87,87,アンサンブル大宮日進,介護付有料老人ホーム(一般型特定施設入居者生活介護),利用権方式,入居時要支援・要介護,さいたま市指定介護保険特定(一般型特定施設),1176510715,北区 日進町2-1914-1,048-669-6300,150,全室個室18.48m2,H24.10.1,H24.10.1,JR日進駅、徒歩3分,メディカル・ケア・サービス株式会社,3306029,さいたま市中央区新都心11-2ランド·アクシス·タワー29F,H23.11.25,,,True,北区,日進町2-1914-1,150.0,さいたま市 有料老人ホーム一覧表,2025-07-01
88,88,みんなの家・大和田,介護付有料老人ホーム(一般型特定施設入居者生活介護),利用権方式,入居時要支援・要介護,さいたま市指定介護保険特定(一般型特定施設),1176510723,見沼区 大和田町1-525-1,048-681-7717,60,全室個室18.00m2,H24.10.1,H24.10.1,東武野田線 大和田駅 徒歩10分,ALSOK介護株式会社,3300856,さいたま市大宮区三橋2-795,H24.1.24,,,True,見沼区,大和田町1-525-1,60.0,さいたま市 有料老人ホーム一覧表,2025-07-01
89,89,みんなの家・土呂栄光荘,介護付有料老人ホーム(一般型特定施設入居者生活介護),利用権方式,入居時要支援・要介護,さいたま市指定介護保険特定(一般型特定施設),1176510863,北区 土呂町1520-1,048-662-8055,63,全室個室20.01~21.84m2,H24.11.1,H24.11.1,東武野田線 大宮公園駅徒歩12分,ALSOK介護株式会社,3300856,さいたま市大宮区三橋2-795,H23.2.8,,,True,北区,土呂町1520-1,63.0,さいたま市 有料老人ホーム一覧表,2025-07-01
90,90,プレザンメゾンさいたま南与野,介護付有料老人ホーム(一般型特定施設入居者生活介護),利用権方式,入居時要支援・要介護,さいたま市指定介護保険特定(一般型特定施設),1176510871,桜区 南元宿1-2-29,048-872-8120,53,全室個室18.60~19.84m2,H24.11.1,H24.11.1,JR埼京線 南与野駅 徒歩16分,株式会社ケア21,5300003,大阪市北区堂島2-2-2 近鉄堂島ビル10階,H24.3.13,,,True,桜区,南元宿1-2-29,53.0,さいたま市 有料老人ホーム一覧表,2025-07-01
91,91,そんぽの家大和田,介護付有料老人ホーム(一般型特定施設入居者生活介護),利用権方式,入居時要支援・要介護,さいたま市指定介護保険特定(一般型特定施設),1176518767,見沼区 大和田町1-1002,048-682-6088,54,1~2人室18.15~36.54m2,H24.12.1,H24.12.1,東武野田線 大和田駅 徒歩5分,SOMPOケア株式会社,1400002,東京都品川区東品川四丁目12番8号,R3.1.20(H24.3.26),,,True,見沼区,大和田町1-1002,54.0,さいたま市 有料老人ホーム一覧表,2025-07-01
92,92,アンサンブル浦和,介護付有料老人ホーム(一般型特定施設入居者生活介護),利用権方式,入居時要支援・要介護,さいたま市指定介護保険特定(一般型特定施設),1176511499,緑区 大字大門1605-3,048-812-1161,77,全室個室18.48m2,H25.5.1,H25.5.1,埼玉高速鉄道線 浦和美園駅 徒歩18分,メディカル・ケア・サービス株式会社,3306029,さいたま市中央区新都心11-2ランド·アクシス·タワー29F,H24.6.26,,,True,緑区,大字大門1605-3,77.0,さいたま市 有料老人ホーム一覧表,2025-07-01
93,93,イリーゼ浦和大門,介護付有料老人ホーム(一般型特定施設入居者生活介護),利用権方式,入居時自立・要支援・要介護,さいたま市指定介護保険特定(一般型特定施設),1176520599,緑区 大字大門808,048-812-1206,93,全室個室18m2~18.6m2,H25.10.1,H25.10.1,JR武蔵野線 東川口駅徒歩12分埼玉高速鉄道 浦和美園駅徒歩20分,HITOWAケアサービス株式会社,1080075,東京都港区港南2-15-3,H25.1.21,,,True,緑区,大字大門808,93.0,さいたま市 有料老人ホーム一覧表,2025-07-01
94,94,ラ・ナシカさいたま,介護付有料老人ホーム(一般型特定施設入居者生活介護),利用権方式,入居時要支援・要介護,さいたま市指定介護保険特定(一般型特定施設),1176512240,北区 奈良町22-9,048-661-5088,60,全室個室18.00m2,H26.1.1,H26.1.1,JR高崎線 宮原駅 西口、東武バス「北高入口」下車、徒歩1分,株式会社シダー,8020042,福岡県北九州市小倉北区足立2-1-1,H25.5.31,,,True,北区,奈良町22-9,60.0,さいたま市 有料老人ホーム一覧表,2025-07-01
95,95,イリーゼ大宮大和田,介護付有料老人ホーム(一般型特定施設入居者生活介護),利用権方式,入居時自立・要支援・要介護,さいたま市指定介護保険特定(一般型特定施設),1176520300,見沼区 南中丸1039-1,048-682-5721,64,全室個室18m2~19.5m2,H26.2.1,H26.2.1,東武野田線 大和田駅 徒歩12分,HITOWAケアサービス株式会社,1080075,東京都港区港南2-15-3,H25.3.5,,,True,見沼区,南中丸1039-1,64.0,さいたま市 有料老人ホーム一覧表,2025-07-01
96,96,イリーゼ大宮櫛引,介護付有料老人ホーム(一般型特定施設入居者生活介護),利用権方式,入居時自立・要支援・要介護,さいたま市指定介護保険特定(一般型特定施設),1176512455,大宮区 櫛引町1-127-1,048-661-5761,52,全室個室18m2~18.6m2,H26.3.1,H26.3.1,JR各線、東武野田線 大宮駅 徒歩15分,HITOWAケアサービス株式会社,1080075,東京都港区港南2-15-3,H25.2.13,,,True,大宮区,櫛引町1-127-1,52.0,さいたま市 有料老人ホーム一覧表,2025-07-01
97,97,ニチイホーム大宮公園,介護付有料老人ホーム(一般型特定施設入居者生活介護),利用権方式,入居時要支援・要介護,さいたま市指定介護保険特定(一般型特定施設),1176512430,北区 植竹町1-69,048-669-5111,65,1~2人室18.32~36.64m2,H26.3.1,H26.3.1,東武野田線 北大宮駅 徒歩9分,株式会社ニチイケアパレス,1010062,東京都千代田区神田駿河台4-6,H25.5.29,,,True,北区,植竹町1-69,65.0,さいたま市 有料老人ホーム一覧表,2025-07-01
98,98,さわやかいわつき館,介護付有料老人ホーム(一般型特定施設入居者生活介護),利用権方式,入居時要支援・要介護,さいたま市指定介護保険特定(一般型特定施設),1176512463,岩槻区 加倉4-21-30,048-790-2800,47,全室個室15.94~17.75m2,H26.3.1,H26.3.1,東武野田線 岩槻駅 徒歩15分,株式会社さわやか倶楽部,8020044,福岡県北九州市小倉北区熊本2-10-10,H25.8.12,,,True,岩槻区,加倉4-21-30,47.0,さいたま市 有料老人ホーム一覧表,2025-07-01
99,99,みんなの家・中央区円阿弥,介護付有料老人ホーム(一般型特定施設入居者生活介護),利用権方式,入居時要支援・要介護,さいたま市指定介護保険特定(一般型特定施設),1176512604,中央区 円阿弥5-5-17,048-859-7200,51,全室個室18m2,H26.4.1,H26.4.1,JR大宮駅西口、西武バス「さいたま新都心西口」行乗車「円阿弥五丁目」下車、徒歩3分,ALSOK介護株式会社,3300856,さいたま市大宮区三橋2-795,H25.3.15,,,True,中央区,円阿弥5-5-17,51.0,さいたま市 有料老人ホーム一覧表,2025-07-01
100,100,浦和さくら翔裕館,介護付有料老人ホーム(一般型特定施設入居者生活介護),利用権方式,入居時自立・要支援・要介護,さいたま市指定介護保険特定(一般型特定施設),1176518619,桜区 桜田2-9-10,048-711-6580,40,全室個室18.00~19.50m2,H26.4.1,H26.4.1,JR西浦和駅 徒歩16分,株式会社サンガジャパン,3300854,さいたま市大宮区桜木町1-11-9 ニッセイ大宮桜木町ビル8階,R2.12.28(H25.5.31),,,True,桜区,桜田2-9-10,40.0,さいたま市 有料老人ホーム一覧表,2025-07-01
101,101,ベストライフ大宮北,介護付有料老人ホーム(一般型特定施設入居者生活介護),利用権方式,入居時自立・要支援・要介護,さいたま市指定介護保険特定(一般型特定施設),1176518288,北区 吉野町1-45-10,048-669-1333,51,全室個室18m2,H26.5.1,H26.5.1,埼玉新都市交通ニューシャトル「今羽」駅 徒歩2分,株式会社ベストライフ埼玉,3330811,埼玉県川口市戸塚3丁目3番10号,R2.8.27(H25.4.25),,,True,北区,吉野町1-45-10,51.0,さいたま市 有料老人ホーム一覧表,2025-07-01
102,102,ヒューマンサポート岩槻,介護付有料老人ホーム(一般型特定施設入居者生活介護),利用権方式,入居時要支援・要介護,さいたま市指定介護保険特定(一般型特定施設),1176512810,岩槻区 上野6-3-10,048-793-3600,80,全室個室18.29m2,H26.5.1,H26.5.1,東武野田線 東岩槻駅 徒歩27分,株式会社日本ヒューマンサポート,1620822,埼玉県春日部市豊町1-4-5,R6.7.26(H25.5.1),,,True,岩槻区,上野6-3-10,80.0,さいたま市 有料老人ホーム一覧表,2025-07-01
103,103,ニチイホーム与野本町,介護付有料老人ホーム(一般型特定施設入居者生活介護),利用権方式,入居時要支援・要介護,さいたま市指定介護保険特定(一般型特定施設),1176512919,桜区 上大久保932-1,048-851-0661,66,1~2人室20.48~40.96m2,H26.6.1,H26.6.1,JR北浦和駅からバス15分、JR与野本町駅から徒歩20分,株式会社ニチイケアパレス,1010062,東京都千代田区神田駿河台4-6,H25.5.31,,,True,桜区,上大久保932-1,66.0,さいたま市 有料老人ホーム一覧表,2025-07-01
104,104,レジデンス浦和美園,住宅型有料老人ホーム,利用権方式,入居時自立・要支援・要介護,在宅サービス利用可,,緑区 美園5丁目43番地10,048-878-5691,33,全室個室18.7m2,H26.11.1,H26.11.1,埼玉高速鉄道 浦和美園駅 徒歩8分,日本シニアライフ株式会社,1060044,東京都港区西新橋3-15-12,H31.1.30(H28.11.1)(H26.10.9)(H26.2.19),,,True,緑区,美園5丁目43番地10,33.0,さいたま市 有料老人ホーム一覧表,2025-07-01
105,105,イリーゼ東岩槻,介護付有料老人ホーム(一般型特定施設入居者生活介護),利用権方式,入居時自立・要支援・要介護,さいたま市指定介護保険特定(一般型特定施設),1176519575,岩槻区 東岩槻1丁目8番9,048-793-0761,57,全室個室18m2,H26.11.1,H26.11.1,東武野田線 東岩槻駅 徒歩5分,HITOWAケアサービス株式会社,1080075,東京都港区港南2-15-3,H26.6.12,,,True,岩槻区,東岩槻1丁目8番9,57.0,さいたま市 有料老人ホーム一覧表,2025-07-01
106,106,イリーゼ中浦和,介護付有料老人ホーム(一般型特定施設入居者生活介護),利用権方式,入居時自立・要支援・要介護,さいたま市指定介護保険特定(一般型特定施設),1176513594,南区 鹿手袋2-6-20,048-710-8801,63,全室個室18m2~19.77m2,H26.12.1,H26.12.1,JR埼京線 中浦和駅 徒歩2分,HITOWAケアサービス株式会社,1080075,東京都港区港南2-15-3,H26.2.26,,,True,南区,鹿手袋2-6-20,63.0,さいたま市 有料老人ホーム一覧表,2025-07-01
107,107,大宮東ケアパークそよ風,介護付有料老人ホーム(一般型特定施設入居者生活介護),利用権方式,入居時自立・要支援・要介護,さいたま市指定介護保険特定(一般型特定施設),1176513743,見沼区 南中野1117番3,048-681-5130,70,全室個室18.11m2,H27.3.1,H27.3.1,東武野田線 大和田駅 バス「蓮沼」下車徒歩10分,株式会社SOYOKAZE,1070062,東京都港区南青山2-12-14ユニマット青山ビル,H26.6.13,,,True,見沼区,南中野1117番3,70.0,さいたま市 有料老人ホーム一覧表,2025-07-01
108,108,ふるさとホーム岩槻,介護付有料老人ホーム(一般型特定施設入居者生活介護),利用権方式,入居時自立・要支援・要介護,さいたま市指定介護保険特定(一般型特定施設),1176513859,岩槻区 本丸3丁目19番33,048-749-6100,39,全室個室18m2,H27.4.1,H27.4.1,東武野田線 岩槻駅 徒歩20分,株式会社ヴァティー,1050004,東京都港区西新橋1-15-4 銀線西新橋ビル8階,H26.5.26,,,True,岩槻区,本丸3丁目19番33,39.0,さいたま市 有料老人ホーム一覧表,2025-07-01
109,109,さわやかおおみや館,介護付有料老人ホーム(一般型特定施設入居者生活介護),利用権方式,入居時自立・要支援・要介護,さいたま市指定介護保険特定(一般型特定施設),1176514006,西区 内野本郷1082番1,048-788-2499,50,全室個室16.2m2,H27.5.1,H27.5.1,JR川越線 西大宮駅 徒歩15分,株式会社さわやか倶楽部,8020044,北九州市小倉北区熊本2丁目10番10号,H26.9.29,,,True,西区,内野本郷1082番1,50.0,さいたま市 有料老人ホーム一覧表,2025-07-01
110,110,みんなの家・大宮内野本郷,介護付有料老人ホーム(一般型特定施設入居者生活介護),利用権方式,入居時要支援・要介護,さいたま市指定介護保険特定(一般型特定施設),1176514055,西区 内野本郷477番1,048‐620‐7811,54,全室個室13.21~13.51m2,H27.6.1,H27.6.1,JR高崎線 宮原駅西口東武バス「花の丘」若しくは「西大宮駅」行 「内野本郷」下車 徒歩4分,ALSOK介護株式会社,3300856,さいたま市大宮区三橋2-795,H26.7.11,,,True,西区,内野本郷477番1,54.0,さいたま市 有料老人ホーム一覧表,2025-07-01
111,111,みんなの家・与野公園,介護付有料老人ホーム(一般型特定施設入居者生活介護),利用権方式,入居時要支援・要介護,さいたま市指定介護保険特定(一般型特定施設),1176514063,中央区 本町東5丁目6番5,048‐851‐2727,60,全室個室18.3m2,H27.6.1,H27.6.1,JR埼京線 北与野駅下車徒歩8分、与野本町下車徒歩14分,ALSOK介護株式会社,3300856,さいたま市大宮区三橋2-795,H26.6.11,,,True,中央区,本町東5丁目6番5,60.0,さいたま市 有料老人ホーム一覧表,2025-07-01
112,112,みんなの家・中浦和,介護付有料老人ホーム(一般型特定施設入居者生活介護),利用権方式,入居時要支援・要介護,さいたま市指定介護保険特定(一般型特定施設),1176514121,桜区 西堀6丁目9番1,048‐872‐3300,36,全室個室18m2,H27.7.1,H27.7.1,JR埼京線 中浦和駅 徒歩13分,ALSOK介護株式会社,3300856,さいたま市大宮区三橋2-795,H26.6.17,,,True,桜区,西堀6丁目9番1,36.0,さいたま市 有料老人ホーム一覧表,2025-07-01
113,113,ニチイホームさいたま新都心,介護付有料老人ホーム(一般型特定施設入居者生活介護),利用権方式,入居時要支援・要介護,さいたま市指定介護保険特定(一般型特定施設),1176514113,大宮区 吉敷町4丁目255番1,048‐650‐0821,79,1~2人室18.33~36.66m2,H27.7.1,H27.7.1,JR京浜東北線 さいたま新都心駅下車 徒歩8分,株式会社ニチイケアパレス,1010062,東京都千代田区神田駿河台4-6,H26.8.6,,,True,大宮区,吉敷町4丁目255番1,79.0,さいたま市 有料老人ホーム一覧表,2025-07-01
114,114,ニチイホーム北浦和,介護付有料老人ホーム(一般型特定施設入居者生活介護),利用権方式,入居時要支援・要介護,さいたま市指定介護保険特定(一般型特定施設),1176514170,浦和区 大東2丁目3番11号,048‐813‐3181,66,1~2人室18.11~36.22m2,H27.8.1,H27.8.1,JR京浜東北線 北浦和駅バス6分,株式会社ニチイケアパレス,1010062,東京都千代田区神田駿河台4-6,H26.9.4,,,True,浦和区,大東2丁目3番11号,66.0,さいたま市 有料老人ホーム一覧表,2025-07-01
115,115,見沼ひばり館,住宅型有料老人ホーム,利用権方式,入居時自立・要支援・要介護,在宅サービス利用可,,見沼区 蓮沼1450番地,048-872-7557,62,1人室12.59m2,H27.8.17,H27.8.17,東武野田線 七里駅 東武バス「八木アンテナ停留所」徒歩4分,株式会社ケアプランニング,3300852,さいたま市北区日進町2-541-1,H27.7.21,,,True,見沼区,蓮沼1450番地,62.0,さいたま市 有料老人ホーム一覧表,2025-07-01
116,116,みんなの家・三橋4丁目,介護付有料老人ホーム(一般型特定施設入居者生活介護),利用権方式,入居時要支援・要介護,さいたま市指定介護保険特定(一般型特定施設),1176514584,大宮区 三橋4丁目59番1,048-620-0120,60,全室個室18m2,H28.1.1,H28.1.1,JR大宮駅 西口バス停発「西高校」下車 徒歩5分,ALSOK介護株式会社,3300856,さいたま市大宮区三橋2-795,H26.10.27,,,True,大宮区,三橋4丁目59番1,60.0,さいたま市 有料老人ホーム一覧表,2025-07-01
117,117,コンフォータブル・プラス下大久保,住宅型有料老人ホーム,利用権方式,入居時自立・要支援・要介護,在宅サービス利用可,,桜区 下大久保10番地2,048-826-6039,40,全室個室7.56m2,H27.11.11,H27.11.11,JR南与野駅 北口バス停発「埼玉大学」下車 徒歩5分,株式会社ウェルハウス,3330831,埼玉県川口市木曽呂497番地12,H27.11.11,,,True,桜区,下大久保10番地2,40.0,さいたま市 有料老人ホーム一覧表,2025-07-01
118,118,あいらの杜埼玉与野,介護付有料老人ホーム(一般型特定施設入居者生活介護),利用権方式,入居時自立・要支援・要介護,さいたま市指定介護保険特定(一般型特定施設),1176514915,中央区 円阿弥2丁目11-22,048-840-6781,50,全室個室18m2,H28.5.1,H28.5.1,JR北与野駅 国際興業バス 「円阿弥」下車 徒歩5分,株式会社はれコーポレーション,7000822,岡山市北区表町1丁目5番1号,H27.10.13,,,True,中央区,円阿弥2丁目11-22,50.0,さいたま市 有料老人ホーム一覧表,2025-07-01
119,119,浦和みその翔裕館,住宅型有料老人ホーム,利用権方式,入居時自立・要支援・要介護,在宅サービス利用可,,緑区 大字大門2574番,048-762-3965,20,全室個室12.89m2~13.04m2,H28.6.1,H28.6.1,埼玉高速鉄道「浦和美園」駅 西口より徒歩1分,株式会社サンガジャパン,3300854,さいたま市大宮区桜木町1-11-9 ニッセイ大宮桜木町ビル8階,R2.12.28(H28.5.13),,,True,緑区,大字大門2574番,20.0,さいたま市 有料老人ホーム一覧表,2025-07-01
120,120,,,,,,,南区 南本町2丁目11-14,,,,,,,,1040031,東京都中央区京橋一丁目6番1号,,,,True,南区,南本町2丁目11-14,,さいたま市 有料老人ホーム一覧表,2025-07-01
121,121,グランパル美園,介護付有料老人ホーム(一般型特定施設入居者生活介護),利用権方式,入居時自立・要支援・要介護,さいたま市指定介護保険特定(一般型特定施設),1176519815,緑区 大崎1750-1,048-812-0056,36,全室個室17.35m2~18.16m2,H28.5.1,H28.5.1,埼玉高速鉄道 浦和美園駅西口より、国際航業バス(浦和駅東口行き) バイパス大崎バス停 徒歩3分,株式会社ウェルネス,3300854,さいたま市大宮区桜木町4-692-1 伊田グループビルIII301,H28.4.28,,,True,緑区,大崎1750-1,36.0,さいたま市 有料老人ホーム一覧表,2025-07-01
122,122,ガーデンテラス大宮公園,住宅型有料老人ホーム,利用権方式,入居時自立・要支援・要介護,在宅サービス利用可,,北区 盆栽町434-1,048-665-0088,42,全室個室15.26m2~32.64m2,H28.6.1,H28.6.1,JR東北本線(宇都宮線)土呂駅 徒歩10分東武アーバンパークライン大宮公園駅 徒歩10分,シマダリビングパートナーズ株式会社,1510053,東京都渋谷区代々木3-22-7新宿文化クイントビル14階,H28.5.13,,,True,北区,盆栽町434-1,42.0,さいたま市 有料老人ホーム一覧表,2025-07-01
123,123,サニープレイス,住宅型有料老人ホーム,利用権方式,入居時要支援・要介護,在宅サービス利用可,,岩槻区 古ヶ場571-15,048-627-3149,9,全室個室11.12m2~14.82m2,H28.9.1,H28.9.1,東武アーバンパークライン岩槻駅 朝日バス15分 観音入口停留所 徒歩8分,有限会社太陽,3460014,久喜市吉羽2-19-16,H28.8.8,,,True,岩槻区,古ヶ場571-15,9.0,さいたま市 有料老人ホーム一覧表,2025-07-01
124,124,グレースコート見沼,住宅型有料老人ホーム,利用権方式,入居時自立・要支援・要介護,在宅サービス利用可,,見沼区 大谷277番地1,048-687-3051,35,全室個室9.72m2,H28.7.1,H28.7.1,東武アーバンパークライン七里駅 徒歩25分JR大宮駅 国際航業バス大谷県営住宅行 大谷停留所 徒歩3分,株式会社ウェルネス,3300854,さいたま市大宮区桜木町4-692-1 伊田グループビルIII301,H28.6.28,,,True,見沼区,大谷277番地1,35.0,さいたま市 有料老人ホーム一覧表,2025-07-01
125,125,リアンレーヴさいたま新都心,介護付有料老人ホーム(一般型特定施設入居者生活介護),利用権方式,入居時自立・要支援・要介護,さいたま市指定介護保険特定(一般型特定施設),1176515649,中央区 円阿弥3丁目2番30号,048-799-3502,46,全室個室18m2,H28.12.1,H28.12.1,JR北与野駅 バス 「円阿弥」bバス停下車 徒歩1分,株式会社木下の介護,1631308,東京都新宿区西新宿6-5-1新宿アイランドタワー29階,H28.4.14,,,True,中央区,円阿弥3丁目2番30号,46.0,さいたま市 有料老人ホーム一覧表,2025-07-01
126,126,コンフォータブル・プラス南中丸,住宅型有料老人ホーム,利用権方式,入居時自立・要支援・要介護,在宅サービス利用可,,見沼区 南中丸675,048-876-8077,76,全室個室7.25m2,H28.10.28,H28.10.28,JR大宮駅 東口より 導守循環・寿能回りバス・「南鳳台住宅」下車 徒歩1分,株式会社ウェルハウス,3330831,埼玉県川口市木曽呂497番地12,H28.10.28,,,True,見沼区,南中丸675,76.0,さいたま市 有料老人ホーム一覧表,2025-07-01
127,127,マザーグランジュ・ウエスト中釘,住宅型有料老人ホーム,利用権方式,入居時自立・要支援・要介護,在宅サービス利用可,,大字中釘字久保2143西区番地6,048-623-5854,43,全室個室8.82,H28.11.1,H28.11.1,JR大宮駅 西口より 円山公園行き 「運輸支局前」下車徒歩2分,株式会社ウェルネス,3300854,さいたま市大宮区桜木町4-692-1 伊田グループビルIII301,H28.10.27,,,True,大字中釘字久保2143西区,番地6,43.0,さいたま市 有料老人ホーム一覧表,2025-07-01
128,128,サニーライフ与野本町,介護付有料老人ホーム(一般型特定施設入居者生活介護),利用権方式,入居時自立・要支援・要介護,さいたま市指定介護保険特定(一般型特定施設),1176515615,中央区 円阿弥4丁目7番21号,048-859-3600,67,全室個室18.00m2~18.30m2,H29.4.1,H29.4.1,JR北与野駅 徒歩25分,株式会社川島コーポレーション,2921161,千葉県君津市東猪原248番地2,H28.7.1,,,True,中央区,円阿弥4丁目7番21号,67.0,さいたま市 有料老人ホーム一覧表,2025-07-01
129,129,あずみ苑グランデ桜,介護付有料老人ホーム(一般型特定施設入居者生活介護),利用権方式,入居時要支援・要介護,さいたま市指定介護保険特定(一般型特定施設),1176515656,桜区 栄和6丁目14番3号,048-853-4165,50,全室個室14m2,H29.4.1,H29.4.1,JR埼京線 南与野駅 北口バス停より国際興業バス「埼玉大学」行き約10分、「大泉院通り」バス停下車、徒歩11分,株式会社アズ・ライフケア,1640012,東京都中野区本町1丁目12番8号,H28.7.8,,,True,桜区,栄和6丁目14番3号,50.0,さいたま市 有料老人ホーム一覧表,2025-07-01
130,130,ソナーレ浦和,介護付有料老人ホーム(一般型特定施設入居者生活介護),利用権方式,入居時自立・要支援・要介護,さいたま市指定介護保険特定(一般型特定施設),1176515821,浦和区 東高砂町26番17号,048-711-1204,68,全室個室13.23m2~34.97m2,H29.5.1,H29.5.1,JR浦和駅東口より 徒歩6分,ライフケアデザイン株式会社,1500002,東京都渋谷区渋谷3-11-2,H28.4.1,,,True,浦和区,東高砂町26番17号,68.0,さいたま市 有料老人ホーム一覧表,2025-07-01
131,131,医心館浦和美園,住宅型有料老人ホーム,利用権方式,入居時自立・要支援・要介護,在宅サービス利用可,,緑区 大字大門1711-1,048-878-0187,30,全室個室13.45m2~14.63m2,H29.7.1,H29.7.1,埼玉高速鉄道 浦和美園駅 から徒歩16分,株式会社アンビス,1040031,東京都中央区京橋一丁目6番1号,H29.7.3,,,True,緑区,大字大門1711-1,30.0,さいたま市 有料老人ホーム一覧表,2025-07-01
132,132,サニーライフさいたま桜,介護付有料老人ホーム(一般型特定施設入居者生活介護),利用権方式,入居時自立・要支援・要介護,さいたま市指定介護保険特定(一般型特定施設),1176516191,桜区 栄和1丁目23番12号,048-856-3600,50,全室個室13.4m2~13.5m2,H29.11.1,H29.11.1,JR浦和駅西口から「浦12、浦12-2」桜区役所行バス、「町谷三丁目」バス停下車徒歩7分,株式会社川島コーポレーション,2921161,千葉県君津市東猪原248番地2,H29.3.1,,,True,桜区,栄和1丁目23番12号,50.0,さいたま市 有料老人ホーム一覧表,2025-07-01
133,133,リアンレーヴ浦和,介護付有料老人ホーム(一般型特定施設入居者生活介護),利用権方式,入居時自立・要支援・要介護,さいたま市指定介護保険特定(一般型特定施設),1176516548,浦和区 前地3-5-2,048-887-8008,49,全室個室13.54m2~18.78m2,H30.6.1,H30.6.1,JR浦和駅東口から 徒歩7分,株式会社木下の介護,1631308,東京都新宿区西新宿6-5-1新宿アイランドタワー29階,H29.7.28,,,True,浦和区,前地3-5-2,49.0,さいたま市 有料老人ホーム一覧表,2025-07-01
134,134,メディカルフローラ岩槻,介護付有料老人ホーム(一般型特定施設入居者生活介護),利用権方式,入居時自立・要支援・要介護,さいたま市指定介護保険特定(一般型特定施設),1176516654,岩槻区 仲町1-11-5,048-758-2616,65,全室個室18.9m2~24.46m2,H30.7.1,H30.7.1,東武アーバンパークライン岩槻駅 から徒歩15分,株式会社関東メディカルケア,3390054,さいたま市岩槻区仲町1丁目9番7号,H29.6.12,,,True,岩槻区,仲町1-11-5,65.0,さいたま市 有料老人ホーム一覧表,2025-07-01
135,135,ケヤキ倶楽部東浦和,住宅型有料老人ホーム,利用権方式,入居時自立・要支援・要介護,在宅サービス利用可,,緑区 大間木2丁目3番地3,048-874-1850,22,全室個室12.75m2,H30.7.1,H30.7.1,JR東浦和駅から国際興業バス乗車8分「芝原3丁目」停留所下車、徒歩2分,株式会社シーヒューマン,5430001,大阪市天王寺区上本町6丁目2番26号 大和上六ビル504,R4.5.27,,,True,緑区,大間木2丁目3番地3,22.0,さいたま市 有料老人ホーム一覧表,2025-07-01
136,136,医心館北浦和,住宅型有料老人ホーム,利用権方式,要介護、要支援、末期の悪性腫瘍(がん)その他,在宅サービス利用可,,浦和区 元町2-20-8,048-711-8358,43,全室個室18.00m2,H31.4.1,H31.4.1,JR北浦和駅(JR京浜東北線)から徒歩9分(700m),株式会社アンビス,1040031,東京都中央区京橋一丁目6番1号,H30.11.8,,,True,浦和区,元町2-20-8,43.0,さいたま市 有料老人ホーム一覧表,2025-07-01
137,137,シニアハウスつむぎ家,住宅型有料老人ホーム,利用権方式,入居時要介護2以上,在宅サービス利用可,,見沼区 東宮下2-123-3,048-797-5523,17,全室個室10.45m2~12.71m2,R1.6.15,R1.6.15,東部野田線七里駅から東部バスで東宮下停留所で下車、徒歩0分,株式会社住環境デザイン,3370051,さいたま市見沼区東大宮6-158-21,R1.6.13,,,True,見沼区,東宮下2-123-3,17.0,さいたま市 有料老人ホーム一覧表,2025-07-01
138,138,やさしえ上小町,住宅型有料老人ホーム,利用権方式,入居時要支援・要介護,在宅サービス利用可,,大宮区 上小町1481-1,048-613-4556,30,全室個室18.00m2,R1.7.1,R1.7.1,JR大宮駅から大宮駅西口より西武バス「住宅前」下車7~8分(バス5分、徒歩2~3分)徒歩22~23分JR北与野駅から徒歩21~22分,株式会社やさしい手,1530044,東京都目黒区大橋二丁目24番3号,H31.2.1,,,True,大宮区,上小町1481-1,30.0,さいたま市 有料老人ホーム一覧表,2025-07-01
139,139,ナーシングホーム日和高木,住宅型有料老人ホーム,利用権方式,入居時要支援・要介護,在宅サービス利用可,,西区 高木266,048-782-7440,29,全室個室12.60m2~15.20m2,R1.5.1,R.5.1,JR川越線 指扇駅より1徒歩 15分2西武バス 高木団地停留所すぐ,株式会社アドバンスケアシステム,1410021,東京都品川区上大崎四丁目3番14号,H31.4.24,,,True,西区,高木266,29.0,さいたま市 有料老人ホーム一覧表,2025-07-01
140,140,みつばレジデンス与野アネックス,住宅型有料老人ホーム,利用権方式,入居時自立・要支援・要介護,在宅サービス利用可,,中央区 八王子1-7-15,048-851-6752,40,1~2人室18.56~27.07m2,R1.9.1,R1.9.1,1バス利用の場合さいたま新都心駅より国際興業バスで乗車15分、浅間神社停留所で下車徒歩1分2自動車利用の場合首都高速埼玉大宮線与野出口より5分,株式会社ベストケア・パートナーズ,3360031,さいたま市南区鹿手袋4-4-1,R1.8.30,,,True,中央区,八王子1-7-15,40.0,さいたま市 有料老人ホーム一覧表,2025-07-01
141,141,医心館武蔵浦和,住宅型有料老人ホーム,利用権方式,入居時自立・要支援・要介護,在宅サービス利用可,,南区 別所2-24-3,048-764-8830,51,全室個室16.00m2,R1.9.1,R1.9.1,JR埼京線/武蔵野線武蔵浦和駅から徒歩8分,株式会社アンビス,1040031,東京都中央区京橋一丁目6番1号,R1.8.15,,,True,南区,別所2-24-3,51.0,さいたま市 有料老人ホーム一覧表,2025-07-01
142,142,浦和成匠邸,住宅型有料老人ホーム,利用権方式,入居時自立・要支援・要介護,在宅サービス利用可,,南区 別所6-4-40,048-845-8171,66,1~2人室18.40~37.60m2,R1.9.1,R1.9.1,JR埼京線/武蔵野線武蔵浦和駅から徒歩3分,株式会社ベネッセスタイルケア,1600023,東京都新宿区西新宿2丁目3番1号新宿モノリスビル,H30.8.23,,,True,南区,別所6-4-40,66.0,さいたま市 有料老人ホーム一覧表,2025-07-01
143,143,グッドタイムナーシングホーム・東浦和,介護付有料老人ホーム(一般型特定施設入居者生活介護),利用権方式,入居時自立・要支援・要介護,さいたま市指定介護保険特定(一般型特定施設),1176517819,緑区 東浦和3-11-3,048-712-0301,54,全室個室20.51~21.00m2,R1.10.1,R1.10.1,JR武蔵野線東浦和駅から徒歩11分,株式会社創生事業団,8100005,福岡県福岡市中央区清川一丁目3番1号,R1.9.27(H21.11.6),,,True,緑区,東浦和3-11-3,54.0,さいたま市 有料老人ホーム一覧表,2025-07-01
144,144,みつばメゾン武蔵浦和,住宅型有料老人ホーム,利用権方式,入居時自立・要支援・要介護,在宅サービス利用可,,南区 鹿手袋4-4-1,048-711-6009,44,1~2人室6.71~20.35m2,R1.11.1,R1.11.1,JR埼京線/武蔵野線武蔵浦和駅から徒歩13分,株式会社ベストケア・パートナーズ,3360031,さいたま市南区鹿手袋4-4-1,R1.10.31,,,True,南区,鹿手袋4-4-1,44.0,さいたま市 有料老人ホーム一覧表,2025-07-01
145,145,茶の木,住宅型有料老人ホーム,利用権方式,入居時自立・要支援・要介護,在宅サービス利用可,,西区 西遊馬847-3,048-620-3936,20,全室個室11.03~10.84m2,R1.11.1,R1.11.1,JR川越線 指扇駅 徒歩約15分,医療法人博滇会,3310061,さいたま市西区西遊馬1260-1,R1.10.29,,,True,西区,西遊馬847-3,20.0,さいたま市 有料老人ホーム一覧表,2025-07-01
146,146,三橋ナーシングホーム,住宅型有料老人ホーム,利用権方式,入居時自立・要支援・要介護,在宅サービス利用可,,西区 三橋5-560-1,048-871-9550,17,全室個室13.31~14.89m2,R1.12.1,R1.12.1,JR大宮駅より1車約10分2西武バス10分、三橋総合公園南口停留所から徒歩5分,社会福祉法人相愛福祉会,3500064,埼玉県川越市末広町1-2-1,R1.10.17,,,True,西区,三橋5-560-1,17.0,さいたま市 有料老人ホーム一覧表,2025-07-01
147,147,プライエボーリ湯澤,住宅型有料老人ホーム,利用権方式,入居時自立・要介護・要支援,在宅サービス利用可,,西区 西遊馬367-5,048-620-2235,26,1~2人室26.84m2~38.70m2,H18.4.18,H18.4.18,JR川越線「指扇」駅下車西武バス大宮駅行き「西遊馬消防出張所」バス停下車1分,有限会社マミヤ物産,3310061,さいたま市西区大字西遊馬1260番地,R2.5.29,,,True,西区,西遊馬367-5,26.0,さいたま市 有料老人ホーム一覧表,2025-07-01
148,148,コンフォータブル・プラス蓮沼,住宅型有料老人ホーム,利用権方式,入居時自立・要介護・要支援,在宅サービス利用可,,見沼区 大字蓮沼141-5,048-876-8807,93,完全個室7.25m2,R2.5.1,R2.5.1,東武野田線「大和田駅」駅下車徒歩1.4km(17分),株式会社ウェルハウス,3330831,川口市木曽呂497番地12,R2.5.22,,,True,見沼区,大字蓮沼141-5,93.0,さいたま市 有料老人ホーム一覧表,2025-07-01
149,149,つばさ大宮,住宅型有料老人ホーム,利用権方式,入居時自立・要支援・要介護,在宅サービス利用可,,大宮区 天沼町1-343-22,048-640-2888,32,全室個室8.32~8.98m2,R6.4.1,R6.4.1,JR大宮駅東口から東武バス乗車12分、「観音前」停留所下車、徒歩4分,株式会社ハートネクサス,3490217,さいたま市大宮区天沼町1丁目343-22,R6.3.27,,,True,大宮区,天沼町1-343-22,32.0,さいたま市 有料老人ホーム一覧表,2025-07-01
150,150,みつばメゾン与野本館,住宅型有料老人ホーム,利用権方式,入居時自立・要支援・要介護,在宅サービス利用可,,中央区 八王子1-2-7,048-859-2567,46,13.2~24.7m2,H31.2.1,H31.2.1,JR北与野駅又はさいたま新都心駅下車、国際興業バス北浦和駅西口行き浅間神社バス停下車1分,株式会社ベストケア・パートナーズ,3360031,さいたま市南区鹿手袋4-4-1,H31.1.30,,,True,中央区,八王子1-2-7,46.0,さいたま市 有料老人ホーム一覧表,2025-07-01
151,151,おおみや翔医館,住宅型有料老人ホーム,利用権方式,入居時自立・要支援・要介護,在宅サービス利用可,,西区 内野本郷1133-1,048-780-2021,24,全室個室12.22~23.60m2,R3.3.1,R3.3.1,JR大宮駅西口から東武バス、「宮前団地」停留所下車、徒歩8分JR西大宮駅 徒歩15分,一般社団法人日本高齢者福祉協会,3650054,埼玉県鴻巣市大間4-29-7,R3.2.26,,,True,西区,内野本郷1133-1,24.0,さいたま市 有料老人ホーム一覧表,2025-07-01
152,152,スタイルケア浦和元町,住宅型有料老人ホーム,利用権方式,入居時自立・要支援・要介護,在宅サービス利用可,,浦和区元町2-23-15,048-767-8411,62,全室個室12.23~12.73m2,R3.4.1,R3.4.1,JR北浦和駅東口 徒歩9分,シン建工業株式会社,3360031,埼玉県さいたま市南区関1-13-13,R2.11.25,,,True,浦和区,元町2-23-15,62.0,さいたま市 有料老人ホーム一覧表,2025-07-01
153,153,ケヤキ俱楽部浦和美園,住宅型有料老人ホーム,建物賃貸借方式,入居時自立・要支援・要介護,在宅サービス利用可,,岩槻区 美園東1-2-10,048-782-4466,39,全室個室18.60~21.70m2,R4.1.1,R4.1.1,埼玉高速鉄道埼玉スタジアム線 浦和美園駅 徒歩8分,株式会社シーヒューマン,5430001,大阪府大阪市天王寺区上本町6-2-26,R3.12.24(R3.5.21),,,True,岩槻区,美園東1-2-10,39.0,さいたま市 有料老人ホーム一覧表,2025-07-01
154,154,リアンレーヴ北浦和,介護付有料老人ホーム(一般型特定施設入居者生活介護),利用権方式,入居時自立・要支援・要介護,さいたま市指定介護保険特定(一般型特定施設),1176519146,浦和区 瀬ケ崎4丁目12番1号,048-885-6630,60,全室個室18.00~18.60m2,R3.7.1,R3.7.1,JR北浦和駅から徒歩15分またはバス「木崎中学校」下車徒歩3分,株式会社木下の介護,1631308,東京都新宿区西新宿6-5-1新宿アイランドタワー29階,R2.9.11,,,True,浦和区,瀬ケ崎4丁目12番1号,60.0,さいたま市 有料老人ホーム一覧表,2025-07-01
155,155,はなあかり,住宅型有料老人ホーム,利用権方式,入居時自立・要支援・要介護,在宅サービス利用可,,緑区 松木3-23-5,048-767-6556,25,全室個室,R3.8.1,R3.8.1,東浦和01馬場折返場行バスで11分、松ノ木東公園停留所で下車、徒歩6分東浦和駅から車で12分,株式会社玉屋利兵衛,9900301,山形県東村山郡山辺町大字山辺1258番地12,R3.7.6,,,True,緑区,松木3-23-5,25.0,さいたま市 有料老人ホーム一覧表,2025-07-01
156,156,医心館東大宮,住宅型有料老人ホーム,利用権方式,入居時自立・要支援・要介護,在宅サービス利用可,,見沼区 東大宮5-27-3,048-731-8277,50,全室個室10.59~12.66m2,R3.11.1,R3.11.1,JR東大宮駅 徒歩4分,株式会社アンビス,1040031,東京都中央区京橋一丁目6番1号,R3.5.18,,,True,見沼区,東大宮5-27-3,50.0,さいたま市 有料老人ホーム一覧表,2025-07-01
157,157,ロイヤルレジデンス浦和,介護付有料老人ホーム(一般型特定施設入居者生活介護),利用権方式,入居時自立・要支援・要介護,さいたま市指定介護保険特定(一般型特定施設),1176519534,浦和区 上木崎3-3-11,048-767-8317,50,全室個室16.64~17.75m2,R3.11.1,R3.11.1,JR与野駅東口 徒歩8分,株式会社社会福祉総合研究所,1600023,東京都新宿区西新宿7-9-18第三雨宮ビル7階,R2.12.15,,,True,浦和区,上木崎3-3-11,50.0,さいたま市 有料老人ホーム一覧表,2025-07-01
158,158,桜の宿,住宅型有料老人ホーム,利用権方式,入居時自立・要支援・要介護,在宅サービス利用可,,桜区 宿140-1,048-851-0515,5,全室個室12.15m2,R3.4.1,R3.4.1,JR北浦和駅から加茂川団地行きで西武バス乗車25分、宿停留所で下車、徒歩1分,e・ライフサポート株式会社,3310811,さいたま市北区吉野町2-281-5,R3.2.25,,,True,桜区,宿140-1,5.0,さいたま市 有料老人ホーム一覧表,2025-07-01
159,159,与野ひばり館,住宅型有料老人ホーム,利用権方式,入居時自立・要支援・要介護,在宅サービス利用可,,中央区 鈴谷8-11-9,048-789-6618,40,全室個室11.28~11.82m2,R4.2.1,R4.2.1,JR与野本館駅 徒歩7分,株式会社ケアプランニング,3310823,さいたま市北区日進町2-541-1,R3.9.30,,,True,中央区,鈴谷8-11-9,40.0,さいたま市 有料老人ホーム一覧表,2025-07-01
160,160,みつばメゾン浦和木崎,住宅型有料老人ホーム,利用権方式,入居時・要支援・要介護,在宅サービス利用可,,浦和区木崎3-7-16,048-711-3900,18,全室個室9.93~10.25m2,R4.4.1,R4.4.1,・JR与野駅 徒歩23分・JR与野駅より東武バス乗車20分、木崎停留所より徒歩3分,株式会社ベストケア・パートナーズ,3360031,さいたま市南区鹿手袋4-4-1,R3.12.15,,,True,浦和区,木崎3-7-16,18.0,さいたま市 有料老人ホーム一覧表,2025-07-01
161,161,みつばメゾン大宮南中野,住宅型有料老人ホーム,利用権方式,入居時・要支援・要介護,在宅サービス利用可,,見沼区南中野671,048-797-9266,22,全室個室9.42~9.67m2,R4.7.1,R4.7.1,JR大宮駅 バス11分、バス停「側ヶ谷戸停留所」下車、徒歩1分。,株式会社ベストケア・パートナーズ,3360031,さいたま市南区鹿手袋4-4-1,R4.2.7,,,True,見沼区,南中野671,22.0,さいたま市 有料老人ホーム一覧表,2025-07-01
162,162,ライブラリ東大宮二番館,介護付有料老人ホーム(一般型特定施設入居者生活介護),利用権方式,入居時・要支援・要介護,さいたま市指定介護保険特定(一般型特定施設),1176521415,見沼区東大宮4-53-1,048-871-9209,74,全室個室18.00m2,R4.8.1,R4.8.1,JR東大宮 徒歩8分,株式会社リビングプラットフォームケア,0640802,北海道札幌市中央区南二条西20-291,R3.11.26,,,True,見沼区,東大宮4-53-1,74.0,さいたま市 有料老人ホーム一覧表,2025-07-01
163,163,みつばメゾン大宮南中丸,住宅型有料老人ホーム,利用権方式,入居時・要支援・要介護,在宅サービス利用可,,見沼区南中丸205-1,048-795-6275,36,全室個室9.94m2,R4.11.1,R4.11.1,JR大宮駅 バス約18分,株式会社ベストケア・パートナーズ,3360031,さいたま市南区鹿手袋4-4-1,R4.6.20,,,True,見沼区,南中丸205-1,36.0,さいたま市 有料老人ホーム一覧表,2025-07-01
164,164,住宅型有料老人ホーム夢眠おおみやきた,住宅型有料老人ホーム,利用権方式,入居時自立・要支援・要介護,在宅サービス利用可,,北区 吉野町2‐214‐3,048-662-9547,8,全室個室18.00m2,R4.12.1,R4.12.1,JR宮原駅東口よりバス10分「吉野町車庫」下車徒歩3分,株式会社夢眠ホーム,4610001,愛知県名古屋市東区泉三丁目7番9号 グランエールサノヤ 3F,R4.10.19,,,True,北区,吉野町2‐214‐3,8.0,さいたま市 有料老人ホーム一覧表,2025-07-01
165,165,PDハウス南与野,住宅型有料老人ホーム,利用権方式,入居時・要介護,在宅サービス利用可,,中央区大戸6-10-11,048-833-8101,60,全室個室14.85~16.50m2,R4.12.1,R4.12.1,JR南与野駅 徒歩6分,株式会社サンウェルズ,9200067,石川県金沢市二宮町15-13,R4.3.31,,,True,中央区,大戸6-10-11,60.0,さいたま市 有料老人ホーム一覧表,2025-07-01
166,166,みつばメゾン大宮三橋,住宅型有料老人ホーム,利用権方式,入居時自立・要支援・要介護,在宅サービス利用可,,大宮区 三橋4-669-1,048-782-4851,21,全室個室9.93~11.80m2,R5.3.1,R5.3.1,JR大宮駅 バス11分側ヶ谷戸停留所徒歩1分,株式会社ベストケア・パートナーズ,3360031,さいたま市南区鹿手袋4-4-1,R4.7.22,,,True,大宮区,三橋4-669-1,21.0,さいたま市 有料老人ホーム一覧表,2025-07-01
167,167,みつばメゾン南与野,住宅型有料老人ホーム,利用権方式,入居時自立・要支援・要介護,在宅サービス利用可,,桜区 中島1-23-11,048-767-5553,20,全室個室9.12~9.33m2,R5.3.13,R5.3.13,JR南与野駅 徒歩11分,株式会社ベストケア・パートナーズ,3360031,さいたま市南区鹿手袋4-4-1,R4.7.28,,,True,桜区,中島1-23-11,20.0,さいたま市 有料老人ホーム一覧表,2025-07-01
168,168,ReHOPE浦和美園,住宅型有料老人ホーム,利用権方式,入居時自立・要支援・要介護,在宅サービス利用可,,緑区 美園1-36-28,048-829-9413,51,全室個室13.02m2~13.99m2,R5.7.1,R5.7.1,埼玉高速鉄道 浦和美園駅東口から徒歩20分,株式会社シーユーシー・ホスピス,1080023,東京都港区芝浦3-1-1,R5.4.3,,,True,緑区,美園1-36-28,51.0,さいたま市 有料老人ホーム一覧表,2025-07-01
169,169,みつばメゾン大宮若葉,住宅型有料老人ホーム,利用権方式,入居時自立・要支援・要介護,在宅サービス利用可,,見沼区 南中丸633,048‐878-9697,25,全室個室7.91~8.28m2,R5.8.1,R5.8.1,電車・バス利用の場合大宮駅から8分、「中川坂上」停留所下車徒歩9分,株式会社ベストケア・パートナーズ,3360031,埼玉県さいたま市南区鹿手袋4-4-1,R4.10.26,,,True,見沼区,南中丸633,25.0,さいたま市 有料老人ホーム一覧表,2025-07-01
170,170,みつばメゾン浦和中尾,住宅型有料老人ホーム,利用権方式,入居時自立・要支援・要介護,在宅サービス利用可,,緑区 中尾333-1,048-714-0481,21,全室個室9.32~10.25m2,R5.9.1,R5.9.1,JR浦和駅からバス10分「花月」下車徒歩2分,株式会社ベストケア・パートナーズ,3360031,埼玉県さいたま市南区鹿手袋4-4-1,R4.10.26,,,True,緑区,中尾333-1,21.0,さいたま市 有料老人ホーム一覧表,2025-07-01
171,171,みつばメゾン浦和白鍬,住宅型有料老人ホーム,利用権方式,入居時自立・要支援・要介護,在宅サービス利用可,,桜区 白鍬1107,048-789-6240,24,全室個室9.32m2,R5.11.1,R5.11.1,電車・バス]利用の場合与野本町駅からバスで6分、「八王子」停留所下車、徒歩3分,株式会社ベストケア・パートナーズ,3360031,埼玉県さいたま市南区鹿手袋4-4-1,R5.3.20,,,True,桜区,白鍬1107,24.0,さいたま市 有料老人ホーム一覧表,2025-07-01
172,172,南与野ガーデン,住宅型有料老人ホーム,利用権方式,入居時要介護,在宅サービス利用可,,中央区鈴谷5-9-28,048-767-5692,103,全室個室15.12m2~15.40m2,R5.12.1,R5.12.1,JR南与野駅 徒歩9分,株式会社ケアギバー・ジャパン,1050012,東京都港区芝大門2-3-11 芝清水ビル2階,R5.10.27,,,True,中央区,鈴谷5-9-28,103.0,さいたま市 有料老人ホーム一覧表,2025-07-01
173,173,エクラシア武蔵浦和,住宅型有料老人ホーム,利用権方式,入居時自立・要支援・要介護,在宅サービス利用可,,南区 南区鹿手袋4-5-10,050-6861-9174,64,全室個室13.20m2~13.79m2,R6.3.1,R6.3.1,JR武蔵浦和駅バス5分・降車後3分,株式会社エクラシア,3360025,さいたま市南区文蔵1丁目17-10 宮前第一ビル,R5.7.25,,,True,南区,南区鹿手袋4-5-10,64.0,さいたま市 有料老人ホーム一覧表,2025-07-01
174,174,PDハウス東大宮,住宅型有料老人ホーム,利用権方式,入居時要介護,在宅サービス利用可,,見沼区東大宮6-6-2,048-681-1051,60,全室個室14.99m2~17.21m2,R6.6.1,R6.6.1,JR東大宮駅 徒歩12分,株式会社サンウェルズ,9200067,石川県金沢市二宮町15-13,R5.6.6,,,True,見沼区,東大宮6-6-2,60.0,さいたま市 有料老人ホーム一覧表,2025-07-01
175,175,ベストリハナーシングホーム大宮東,住宅型有料老人ホーム,利用権方式,入居時要介護,在宅サービス利用可,,見沼区大字風渡野353-1,048-795-9215,45,全室個室13.57m2,R6.7.1,R6.7.1,東部アーバンパークライン七里駅、徒歩5分,ベストリハ株式会社,1100005,東京都千代田区神田錦町二丁目2番地1KANDASQUARE11F,R5.6.28,,,True,見沼区,大字風渡野353-1,45.0,さいたま市 有料老人ホーム一覧表,2025-07-01
176,176,ほっぺるの家さいたま見沼,住宅型有料老人ホーム,利用権方式,入居時要介護,在宅サービス利用可,,見沼区堀崎町551-1,048-884-9931,54,全室個室15.25m2~16.29m2,R6.8.1,R6.8.1,東武アーバンパークライン大和田駅 徒歩14分,株式会社フォルテ,5400012,大阪府大阪市中央区谷町2-2-22 8F,R5.10.13,,,True,見沼区,堀崎町551-1,54.0,さいたま市 有料老人ホーム一覧表,2025-07-01
177,177,ハッピーライフ大宮,住宅型有料老人ホーム,利用権方式,入居時要介護,在宅サービス利用可,,中央区鈴谷3-9-24,03-5808-9512,104,相部屋5.91m2,R6.7.1,R6.7.1,JR埼京線 南与野駅 徒歩6分,BH株式会社,1100003,東京都台東区根岸2丁目20-5 パストラル根岸701,R6.8.20,,,True,中央区,鈴谷3-9-24,104.0,さいたま市 有料老人ホーム一覧表,2025-07-01
178,178,夢眠みはし,住宅型有料老人ホーム,利用権方式,入居時要介護,在宅サービス利用可,,大宮区三橋2-765,048-788-5917,30,全室個室18m2,R6.10.1,R6.10.1,JR 大宮駅 大宮駅西口よりバス6分「三橋二丁目南」下車、徒歩2分,株式会社夢眠ホーム,4610001,愛知県名古屋市東区泉三丁目7番9号 グランエールサノヤ 3F,R6.9.26,,,True,大宮区,三橋2-765,30.0,さいたま市 有料老人ホーム一覧表,2025-07-01
179,179,みつばメゾン東浦和,住宅型有料老人ホーム,利用権方式,入居時要支援・要介護,在宅サービス利用可,,緑区 東浦和7-19-5,048-799-2856,25,全室個室9.04m2,R7.7.1,R7.7.1,JR武蔵野線東浦和駅徒歩10分,株式会社ベストケア・パートナーズ,3360031,さいたま市南区鹿手袋4-4-1,R7.6.9,,,True,緑区,東浦和7-19-5,25.0,さいたま市 有料老人ホーム一覧表,2025-07-01
180,1,ミモザ浦和,介護付有料老人ホーム(一般型特定施設入居者生活介,利用権方式,入居時要介護,さいたま市指定介護保険地域密着型特定(一般型特定施設),1196500340,桜区 神田715,048-851-2030,29,全室個室18.90m2,H24.11.1,,JR埼京線 与野本町駅 バス5分「神田」下車、徒歩3分,ミモザ株式会社,1400004,東京都品川区南品川二丁目2番5号,H24.5.25,,,False,桜区,神田715,29.0,さいたま市 有料老人ホーム一覧表,2025-07-01
